1.1_靶点结构和结合位点预测	| Isomorphic Labs | 英国 | 小分子(结构) | 蛋白结构+复合物预测、结合位点 | AlphaFold 衍生结构模型驱动 SBDD | 序列/结构 | 结构、口袋、分子 | 合作为主 | 自研+合作 | 早期发现 | 平台+合作+自研 | Eli Lilly、Novartis（2024-01） | 公司公告(C)+Novartis年报(A) [link](https://www.isomorphiclabs.com/articles/isomorphic-labs-kicks-off-2024-with-two-pharmaceutical-collaborations) | 深挖 |
1.1_靶点结构和结合位点预测	| Relay Therapeutics (RLAY) | 美国 | 小分子(结构) | 蛋白运动/构象系综、变构&隐蔽口袋 | Dynamo 平台：分子动力学+实验闭环 | 结构/MD轨迹 | 变构抑制剂 | 自建+闭环 | 自研 | 临床/NDA | 平台+自研+授权 | RLY-4008 授权 Elevar；Genentech 退权(负面) | SEC(A)+专利WO2018057884A1(B) [SEC](https://www.sec.gov/Archives/edgar/data/1812364/000119312526187091/rlay-2025_ars-4.28.26.pdf) | 深挖 |
1.1_靶点结构和结合位点预测	| Schrödinger (SDGR) | 美国 | 小分子(结构) | 物理+ML SBDD、自由能微扰 | FEP+ML 大规模打分 | 结构/化合物 | 优化分子、PCC | 合作+自建 | 自研+合作 | 临床(SGR-1505) | 软件+合作+自研 | Novartis 多靶点合作(2024，首付$150M [待核]) | IR公告(A/C)+SEC(A) [IR](https://ir.schrodinger.com/press-releases/news-details/2024/Schrdinger-Announces-Multi-Target-Collaboration-and-Expanded-Software-Licensing-Agreement-with-Novartis/default.aspx) | 深挖 |
1.1_靶点结构和结合位点预测	| 深势科技 DP Technology | 中国 | 小分子(结构) | 隐蔽/变构口袋、动态对接 | Uni-Mol / Hermite·RiDYMO | 结构/组学 | 口袋、分子 | 合作+部分自建 | 合作为主 | Hit/Lead(GPX4) | 平台+合作 | GPX4 隐蔽/变构口袋 酶学+SPR+细胞验证 | 论文(B) | 深挖 |
1.1_靶点结构和结合位点预测	| 星药科技 Galixir | 中国 | 小分子(结构) | 动态蛋白-配体复合物预测 | DynamicBind、DrugCLIP | 结构/序列 | 复合物、Hit | 合作 | 合作为主 | Hit | 平台+合作 | 与 BioDuro 合作 AI 靶点识别 | 预印本(B)+合作新闻(D) [preprint](https://arxiv.org/pdf/2209.15171.pdf) | 跟踪 |
1.1_靶点结构和结合位点预测	| 晶泰科技 XtalPi | 中国 | 小分子(结构) | 晶体结构预测+SBDD | ID4/智能计算+自动化实验 | 结构/化合物 | 分子、固态形式 | 自动化闭环 | 合作+自研 | 多条合作管线 | 平台+合作+自研 | 多药企合作（另见 1.2/1.5） | 公司公告(C) | 跟踪(跨模块) |
1.2_虚拟筛选和Hit发现	| 薛定谔公司（Schrödinger, Inc.） | 美国（纽约） | AI/计算小分子药物 | 结构驱动虚拟筛选、Hit-to-Lead、自由能计算 | 物理建模与数据分析；Glide 对接、FEP+、分子动力学及协作式药化设计 | 靶点三维结构、化合物结构、实验活性/ADMET 数据 | 虚拟命中、先导物、开发候选物 | 自建药物发现团队并推进自研资产；具体实验环节同时可能使用外部机构 | 有 | 临床 I 期：SGR-1505、SGR-3515 均在招募；另有终止资产 | 软件订阅/服务 + 联合发现 + 里程碑 + 自研管线/权益 | 2022-09 与 Eli Lilly 就免疫靶点开展小分子发现；潜在里程碑最高 4.20 亿美元（首付款金额在所引 10-Q 段落未披露） | **A 财务/监管**：[2026Q1 10-Q](https://www.sec.gov/Archives/edgar/data/1490978/000149097826000037/sdgr-20260331.htm)、[NCT05544019](https://clinicaltrials.gov/study/NCT05544019)、[NCT06463340](https://clinicaltrials.gov/study/NCT06463340)；**C 官网**：[平台页](https://www.schrodinger.com/platform/) | **值得深挖**。商业、资产和负面证据均强；需拆分软件业务与药物资产价值，并核实“AI”相对物理计算的实际贡献。 |
1.2_虚拟筛选和Hit发现	| Aqemia | 法国（巴黎；英国伦敦设点） | AI/物理小分子药物 | 超大化学空间、自由能/结合预测、生成式设计 | QEMI 将可扩展物理计算与生成式 AI 结合，按靶点探索化学空间 | 靶点结构、原子级相互作用、化学空间 | 新分子、优化系列、体内验证项目 | **无自建湿实验室**；官网称与 CRO 合作执行实验 | 有（自有及合作项目） | 临床前/体内验证；未检出公开项目编号或 IND/临床注册 | 联合发现/里程碑 + 自有项目/潜在 spin-off | 2023-12-04 与 Sanofi 多年合作，公告标题口径最高 1.40 亿美元 | **C 官网**：[科学页](https://aqemia.com/science)、[管线页](https://aqemia.com/pipeline)；**C/D 新闻稿分发/媒体**：[Business Wire](https://www.businesswire.com/news/home/20231204641803/en/AQEMIA-Announces-a-Major-Multi-year-Collaboration-of-%24140-Million-With-Sanofi)、[Fierce Biotech](https://www.fiercebiotech.com/biotech/sanofi-spins-ai-pact-inking-140m-deal-apply-aqemias-physics-algorithms-drug-discovery) | **值得继续跟踪**。技术差异化与 BD 信号较强；自建实验闭环不足、项目和体内数据披露颗粒度低。 |
1.2_虚拟筛选和Hit发现	| 晶泰科技（XtalPi；QuantumPharm Inc.） | 中国（深圳；港交所上市） | AI+机器人小分子药物 | 超大库筛选、分子对接/自由能、主动学习、DEL、自动化合成 | XFEP/ID4Inno 计算筛选 + 主动学习 + 自动化机器人“干湿闭环” | 靶点结构、超大化合物库、DEL/实验数据 | Hit、先导物、候选化合物 | 自建自动化机器人实验平台；官网案例显示自动化合成与生化测试 | 有平台合作项目；公开自研小分子管线信息不足 | Hit（公开 GPX4 案例）；合作项目目标为候选化合物，是否已交付未检出一手更新 | 平台服务/联合发现 + 预付款及里程碑 + 机器人实验服务 | 2023-05-31 与 Eli Lilly 就未披露靶点合作；预付款及里程碑合计最高 2.50 亿美元，具体预付款未披露 | **C 官网**：[Lilly 合作](https://www.xtalpi.com/news-107/)、[GPX4 中文案例](https://www.xtalpi.com/discovery-of-novel-non-covalent-gpx4-potent-hits-with-xfep/)、[GPX4 英文案例](https://www.xtalpi.com/hit-identification-novel-hits-for-gpx4/)、[DEL 案例页](https://www.xtalpi.com/application-note-del-screening/) | **值得深挖**。湿实验/自动化闭环和 BD 明确；当前公开资产验证主要是公司案例，合作交付和权益留存仍需第二步核实。 |
1.2_虚拟筛选和Hit发现	| 迈特望/MindRank AI（MindRank Ltd.） | 中国（杭州/上海；伦敦设点） | AI小分子药物 | 靶点特异性筛选、分子生成/优化、分子动力学 | Molecule Pro（设计、筛选、优化）+ Molecule Dance（构象/口袋）+ 少样本学习/图网络 | 靶点结构、已知活性、化学与生物医学数据 | 虚拟命中、优化分子、PCC/临床候选物 | 官网未披露自建湿实验设施的清晰证据；临床开发与实验执行能力存在，但自建/外包比例未披露 | 有 | **III 期已登记但尚未招募**；I/IIa（NCT06778850）招募中。故运营性最高验证为 I/IIa，注册性最高为 III 期 | 自研管线 + 联合开发 + Design-as-a-Service | 官网称已向一家未具名上市生物科技公司交付变构抑制剂 PCC；合作方及经济条款未披露 | **A 临床注册**：[NCT06778850](https://clinicaltrials.gov/study/NCT06778850)、[NCT07274137](https://clinicaltrials.gov/study/NCT07274137)、[NCT06606483](https://clinicaltrials.gov/study/NCT06606483)；**C 官网**：[平台](https://www.mindrank.ai/en/solutions)、[管线](https://www.mindrank.ai/en/pipeline) | **值得深挖但需校正宣传口径**。MDR-001 是强资产信号；官网称“进入 III 期”，而注册状态截至 2026-06-22 为 Not yet recruiting，不能等同 III 期已启动/入组。 |
1.3_ADMET_DMPK_毒性_可开发性预测	| Quris Technologies / Quris-AI | 以色列/美国 | AI 毒性与临床安全预测 | 肝毒性、患者芯片、临床转化 | iPSC 衍生多器官 Patients-on-a-Chip 产生带标签实验数据 → 分类模型训练 → 人体安全/有效性风险预测 | 已知药物及其人体安全标签、患者来源 iPSC、基因组差异、多器官芯片读数 | 候选药人体安全性、肝毒性风险及优先级 | **有**；公司自述为自动化、微型化患者芯片实验，且 2022 年合作设计为与传统体外/体内方法比较；尚缺公开同行评议的前瞻性盲测结果 | 未检出自研治疗管线；以平台为主 | 平台验证/药企评估阶段；无自研临床资产披露 | 平台评估、疾病领域期权/许可、药企合作 | 2022-02-10 与 Merck KGaA 签署平台评估及期权协议，初始聚焦传统临床前实验未识别的肝毒性；Merck 可选择最长 5 年特定疾病领域独家许可，金额未披露 | C 公司官网：[技术页](https://www.quris.ai/technology)、[Merck 期权合作公告，2022-02-10](https://www.quris.ai/merck-kgaa-inks-option)；专利为公司自述“18 项已授权及申请中”，本轮未定位清单 | **核心匹配但验证仍早。** 毒性/安全预测是核心命题，湿实验数据闭环清楚；药企付费/续约、盲测准确率及真实项目决策影响尚待核验 |
1.3_ADMET_DMPK_毒性_可开发性预测	| VeriSIM Life | 美国 | AI DMPK/临床前转化 | 多物种 PK、PBPK/机制模型、毒性、DDI、FIH 剂量 | AI/ML + 机制模型混合；跨 7 物种转化；Translational Index 对候选进行安全/有效性排序 | 数千化合物、多物种暴露、理化/体外/体内数据、临床资料 | 生物利用度、肝肾清除、临床毒性、DDI、首人体剂量、临床转化概率 | **未充分披露自建湿实验**；公开材料重点是计算平台与外部数据/合作，不能据此认定有完整内部 DMPK 实验室 | 公司称布局肺动脉高压、物质使用障碍及肿瘤资产，但靶点/候选编号和阶段多未披露 | 发现/临床前（公司自述；未检出 IND/临床注册） | 软件/数据产品、咨询服务、共同开发、平台嵌入 | 2022-06-28 与 Mayo Clinic 合作推进药物发现；2023-12-05 Clarivate 将 Translational Index 集成进 Cortellis/OFF-X 工作流；2022-04-19 获 NIDA/NIH 31.231 万美元 SBIR 项目（1R43DA056084-01） | C 公司官网：[BIOiSIM 平台](https://www.verisimlife.com/our-platform)、[Mayo 合作](https://www.verisimlife.com/press-events/collaboration-agreement-with-mayo-clinic)、[NIH 项目公告](https://www.verisimlife.com/press-events/nih-grant-for-substance-use-disorder-drug-discovery-and-development)、[管线页](https://www.verisimlife.com/our-pipeline)；A/C 合作方发行稿：[Clarivate/PRNewswire，2023-12-05](https://www.prnewswire.com/news-releases/clarivate-expands-partnership-with-verisim-life-to-accelerate-and-de-risk-research-and-drug-development-302004701.html) | **DMPK 技术流匹配，资产证据偏弱。** 多物种 PK/毒性/清除/FIH 剂量覆盖好，商业嵌入有信号；缺独立 benchmark、公开候选及阶段 |
1.3_ADMET_DMPK_毒性_可开发性预测	| Exscientia（2024-11-20 被 Recursion 收购） | 英国/美国 | AI 小分子设计与多参数优化 | ADME、PK、安全性、选择性联合优化 | 生成/主动学习/精确设计 → 药化 DMTA → ADME/PK/毒理与体内验证 → 候选推进 | 化学结构、靶点/组学、结构、活性、ADME/PK/毒理和实验反馈 | 同时满足效力、选择性、ADME/PK 与安全窗口的候选药 | **有**；SEC 文件披露实验室耗材/设备开支、外部与内部研发，并给出多项体内、PK/毒理结果；部分研究依赖 CRO/合作方 | 历史自研/共研包括 EXS21546、GTAEXS617、EXS74539、EXS73565 等；并入 Recursion 后按合并管线管理 | EXS21546 曾进入 Phase 1/2，后于 2023 年停止内部开发并关闭 IGNITE 试验 | 自研管线 + 药企端到端发现合作 + 许可/里程碑/销售提成 | 历史合作包括 BMS、Sanofi、Merck KGaA 等；2024-11-20 Recursion 完成收购；同日披露与 BMS 的剩余项目结束 | A SEC：[2022 年 20-F（平台、ADME/PK/毒理及合作）](https://www.sec.gov/Archives/edgar/data/1865408/000186540823000011/exai-20221231.htm)、[2023Q3 6-K（终止 EXS21546/EQRx）](https://www.sec.gov/Archives/edgar/data/1865408/000186540823000055/exai-20230930.htm)、[2024-11-20 6-K（并购完成/BMS 项目结束）](https://www.sec.gov/Archives/edgar/data/1865408/000094787124000937/ss4137056_6k.htm) | **资产与负面验证价值高。** 证明 AI+MPO 可把分子推进临床，但 EXS21546 终止、合作结束和公司被收购也说明临床/商业风险未被 ADMET 优化消除 |
1.3_ADMET_DMPK_毒性_可开发性预测	| 德睿智药 MindRank | 中国（上海/杭州；另设伦敦） | AI 小分子发现与 ADMET 多参数优化 | Molecule Pro、ADMET Ranker、多目标成药性优化 | 靶点/结构驱动生成 → 活性与 ADMET 排序 → 药化/实验迭代 → PCC/IND/临床 | 靶点与蛋白结构、化合物/活性、理化及 ADMET 数据 | 优先分子、PCC、具备效力/选择性/成药性组合的候选 | **混合/待核验**；已交付 PCC 并有临床资产，证明实际实验链条存在，但官网未清楚拆分自建实验与 Medicilon 等外包部分 | MDR-001（口服小分子 GLP-1RA）、MRANK-106（WEE1/YES1）等 | **Phase III**：NCT07274137 登记为 III 期；登记截至 2025-12-22 为“尚未招募”，公司 2026-02-26 自述已首例给药，存在更新时差/冲突 | 自研管线 + Design-as-a-Service + 共同开发/交付 PCC | 2021-08 与德琪医药、2021-10 与美迪西开展 AI 药物发现合作（条款未披露）；2021-07 公司称向一家上市 biotech 交付变构抑制剂 PCC | A 临床注册：[NCT07274137（MDR-001，Phase III）](https://clinicaltrials.gov/study/NCT07274137)、[NCT06778850（Phase I/IIa）](https://clinicaltrials.gov/study/NCT06778850)；C 公司官网：[平台/历程/合作](https://www.mindrank.ai/en/about)、[管线](https://www.mindrank.ai/en/pipeline)、[新闻列表](https://www.mindrank.ai/en/news/all/all/page/1)；B 论文：[PharmaBench，Scientific Data 2024](https://doi.org/10.1038/s41597-024-03793-0) | **国内优先跟踪。** 已形成从 AI/MPO 到临床资产的强资产验证；需核查 MDR-001 的实际 III 期入组、临床数据、权属/资金责任及 ADMET Ranker 的外部盲测表现 |
1.3_ADMET_DMPK_毒性_可开发性预测	| 晶泰科技 XtalPi / QuantumPharm（2228.HK） | 中国（深圳/北京/上海等；全球业务） | AI+量子物理+机器人药物发现 | ADMET 性质预测、分子生成、FEP、自动化合成/实验闭环 | 分子生成/筛选 → 活性与 ADMET/理化性质预测 → 合成路线 → 自动化干湿实验 → 数据回流 | 靶点/结构、化学空间、活性与成药性数据、机器人实验数据 | hit/lead/PCC、ADMET 排名、合成路线及实验数据包 | **有**；官网披露 AI+机器人干湿闭环、7×24 自动化工作站及百万级化合物/反应数据 | 未检出清晰的全资自研治疗管线；以合作/客户资产为主 | 合作资产已有 IND：公司称与希格生科发现的弥漫性胃癌小分子获 FDA IND（2024-08-13 披露）；非晶泰全资资产 | 软件/平台、研发服务、平台授权、共同发现/里程碑/分成 | 2025-08-05 与 DoveTree 签署多项目合作：已披露首付款约 4 亿港元、进一步付款约 3.85 亿港元、潜在里程碑约 462 亿港元及销售分成；“总订单 470 亿港元”绝大部分为条件性付款 | C 公司官网：[AI 自主实验平台](https://www.xtalpi.com/lab_automation/)、[合作资产 IND 披露，2024-08-13](https://www.xtalpi.com/%e6%99%b6%e6%b3%b0%e7%a7%91%e6%8a%80%e5%8a%a9%e5%8a%9b%e5%a4%9a%e5%ae%b6%e5%90%88%e4%bd%9c%e4%bc%81%e4%b8%9a%e8%8e%b7ind%e4%b8%8e%e9%ab%98%e9%a2%9d%e8%9e%8d%e8%b5%84/)、[DoveTree 合作及 ADMET 干湿闭环，2025-08-06](https://www.xtalpi.com/%e6%80%bb%e8%ae%a2%e5%8d%95%e8%a7%84%e6%a8%a1470%e4%ba%bf%e6%b8%af%e5%b8%81%ef%bc%8c%e6%99%b6%e6%b3%b0%e7%a7%91%e6%8a%80%e5%88%9bai%e8%8d%af%e7%89%a9%e5%8f%91%e7%8e%b0%e5%90%88%e4%bd%9c%e8%ae%a2/)；A/C 上市公司 IR：[财务报告页](https://ir.xtalpi.com/en/investor-relations/financial-reports/) | **商业与实验闭环信号强，但属于综合平台。** 应把 ADMET 模块的独立增量与分子生成/FEP/化学服务拆开评估；大型订单的里程碑兑现概率是关键尽调项 |
1.4_分子从头生成和多参数优化	| 英矽智能 Insilico Medicine | 中国香港/美国，全球运营 | AI 小分子药物 | 从靶点到分子生成、结构驱动、多参数优化 | Biology42 靶点发现 → Chemistry42 生成/优化 → 合成与实验/临床反馈；兼顾活性、选择性、ADMET、可合成性 | 多组学、疾病数据、蛋白结构/口袋、已知配体、性质约束 | 新颖小分子、PCC、临床候选物及可授权资产 | 有；已有合成、体内外与临床验证，但各环节自建/外包边界未完整披露 | 有，官网称 40+ 项目、13 条获 IND 批准（公司自述） | Phase 2a 已完成并发表：TNIK 抑制剂 rentosertib/ISM001-055 | 自研管线 + 对外平台合作 + 共同研发 + 资产授权 | 2022-11-08 与 Sanofi 多靶点合作，潜在总额最高 12 亿美元；首付款/实际里程碑未披露 | **B 论文**：[Nat Med Phase 2a，线上披露 2025-06-03](https://pubmed.ncbi.nlm.nih.gov/40461817/)；[Nat Biotech 临床前/临床模型，线上披露 2024-03-08](https://pubmed.ncbi.nlm.nih.gov/38459338/)；**C 官网**：[Pipeline](https://insilico.com/pipeline)；**C 联合新闻稿**：[Sanofi 合作，2022-11-08](https://www.globenewswire.com/news-release/2022/11/08/2551039/31533/en/Insilico-Medicine-Signs-Strategic-Research-Collaboration-with-Sanofi-worth-up-to-1-2-Billion.html) | 本模块最强临床验证样本之一；但单一 Phase 2a 阳性不能外推平台总体成功率，且 BD headline 需拆解现金化 |
1.4_分子从头生成和多参数优化	| Iambic Therapeutics | 美国 | AI 小分子药物 | 结构预测、从头设计、多任务/多参数优化、闭环 DMTA | NeuralPLexer 蛋白-配体共折叠/隐蔽口袋 + Enchant 多模态多任务预测 → 纳米级高通量合成与生化/代谢/细胞实验 → 周度重训 | 蛋白序列/结构、化合物、弱噪声生化/细胞数据、目标产品属性 | 多系列先导物、差异化候选药、临床资产 | 有；官网称每周合成数千个化合物并进行高通量生物学测试 | 有：IAM1363、IAM-K1、IAM-C1 等 | IAM1363 Phase 1/1b，NCT06253871 截至 2026-06-04 为 Recruiting | 自研管线 + 药企发现合作 + 技术访问费/研究费/里程碑/销售提成 | 2026-02-09 与 Takeda 多年合作，潜在成功付款合计可超 17 亿美元；首付款等具体金额未披露 | **A 临床注册**：[NCT06253871](https://clinicaltrials.gov/study/NCT06253871)；**C 官网**：[平台闭环](https://www.iambic.ai/platform)、[管线](https://www.iambic.ai/pipeline)；**C 公司公告**：[Takeda 合作，2026-02-09](https://www.iambic.ai/post/iambic-announces-collaboration-with-takeda) | 技术闭环与临床资产匹配度高；临床仍早期，效力/安全性结论需等待更成熟数据 |
1.4_分子从头生成和多参数优化	| Exscientia（2024-11-20 起为 Recursion 全资子公司） | 英国/美国 | AI 小分子药物 | 精准设计、生成设计、主动学习、PK/选择性多参数优化 | Centaur/主动学习设计 → 自动合成与筛选 → 模型更新；合并后纳入 Recursion OS | 靶标/结构、化学与患者样本数据、PK/PD/选择性约束 | 优化分子、合作项目及临床候选物 | 有；2023 年 20-F 披露自动化化学合成、生物筛选和物理实验闭环 | 历史上有；现由 Recursion 统筹 | 历史最高 Phase 1/2；EXS21546 的 NCT05920408 已终止 | 历史上为平台合作/共同研发 + 自研管线；现为 Recursion 体系 | 2024-11-20 Recursion 完成全股收购，Exscientia ADS 停止交易并将退市 | **A 监管/上市文件**：[Exscientia 2023 20-F，2024-03-21](https://www.sec.gov/Archives/edgar/data/1865408/000186540824000018/exai-20231231.htm)、[Recursion 8-K，2024-11-20](https://www.sec.gov/Archives/edgar/data/1601830/000160183024000217/rxrx-20241119.htm)；**A 临床注册**：[NCT05920408](https://clinicaltrials.gov/study/NCT05920408) | 重要负面对照：证明“AI 设计并进入临床”仍可能因治疗窗不足终止；并购体现行业整合，而非平台独立胜出 |
1.4_分子从头生成和多参数优化	| 晶泰科技 XtalPi（2228.HK） | 中国 | AI 小分子药物/研发基础设施 | AI 生成、FEP、虚拟筛选、专利挖掘、自动化合成 | AI 分子生成/XMolGen + XFEP + PatSight → DMTA → 机器人化学合成与结构化实验数据回流 | 靶标结构、配体、化学空间、亲和力/性质约束、专利文本与实验数据 | hit/lead/PCC 项目交付、分子设计软件结果、合成与实验数据 | 有；官网披露自动化化学执行、数字化实验数据和智慧实验室 | 未检出清晰的自有临床管线；以客户项目/共同发现为主 | 不适用；未检出自有临床资产 | 软件/平台许可 + 研发服务/CRO + 里程碑合作 + 自动化实验室 | 2023-05-30 与 Lilly AI 药物发现合作，媒体披露潜在总额最高 2.5 亿美元；首付款未披露 | **C 官网**：[技术与 AI×机器人闭环](https://www.xtalpi.com/technology/)；**B 论文**：[场景导向分子生成平台，2024-01-11 online](https://pubmed.ncbi.nlm.nih.gov/38215898/)；**D 媒体**：[Reuters，2023-05-30](https://www.reuters.com/business/healthcare-pharmaceuticals/chinas-xtalpi-lands-up-250-mln-ai-drug-discovery-deal-with-lilly-2023-05-30/)；**A 上市公司资料入口**：[投资者关系](https://ir.xtalpi.com/) | 商业与湿实验基础设施证据较强，但自有资产验证弱；需核查项目里程碑兑现率、客户集中度和毛利结构 |
1.4_分子从头生成和多参数优化	| 德睿智药 MindRank | 中国 | AI 小分子药物 | 靶点特异分子生成、虚拟筛选、多参数优化、分子动力学 | Molecule Pro 生成/筛选/优化 + Molecule Dance 蛋白动态/新口袋 + PharmKG 知识图谱 | 特定靶点、蛋白结构/动态、已知配体、性质约束、文献/多组学 | hit/lead/PCC、自研候选物、合作项目交付 | 项目具备实验和临床推进能力；自建湿实验规模与外包比例未披露 | 有：MDR-001、MRANK-106/111/116/119/808/101 等 | Phase III 已注册但未开始招募：MDR-001 NCT07274137；另 NCT06778850 Phase I/II 为 Recruiting | 自研管线 + Design-as-a-Service + 共同开发 | 2024-01 与复宏汉霖合作 AI-ADC/抗衰平台；金额未披露 | **A 临床注册**：[NCT06778850](https://clinicaltrials.gov/study/NCT06778850)、[NCT07274137](https://clinicaltrials.gov/study/NCT07274137)；**C 官网**：[平台](https://www.mindrank.ai/en/solutions)、[管线](https://www.mindrank.ai/en/pipeline)、[公司里程碑](https://www.mindrank.ai/en) | 国内资产推进领先样本；Phase III 截至检索日为 Not yet recruiting，且 Phase IIb 完成/疗效为公司自述，尚未检出同行评审结果 |
1.5_AI逆合成_可合成性_自动化化学	| Iktos | 法国 | AI逆合成/自动化药化 | 路线规划、生成式设计、机器人 DMTA | Makya 生成设计→Spaya 逆合成→Ilaka 编排→Chemspeed 合成/纯化→细胞测试 | 靶点/TPP、分子结构、反应与库存数据 | 合成路线、可采购原料、实体化合物、活性数据、PCC | 是；公司披露可并行约100反应/日及细胞表型测试 | 是；MTHFD2 等内部项目 | 公司管线页标示已有 Preclinical Candidate；尚未检出临床注册 | SaaS/API、平台合作、共同发现、里程碑/潜在权益 | Servier 多靶点合作，2026-01-08签署、2026-01-09由合作方披露；潜在总额>€10亿，含 upfront、research funding、milestones，拆分未披露 | C级公司官网：[Spaya](https://iktos.ai/solution/spaya)、[平台/机器人](https://iktos.ai/discovery-platform)、[管线](https://iktos.ai/pipeline)；A级合作方：[Servier公告](https://servier.com/en/newsroom/research-two-new-partnerships/) | 模块匹配度高，具备“设计—规划—执行—测试”闭环和资产化；关键待核验点是内部 PCC 的正式提名日期、结构/体内数据及合作经济条款 |
1.5_AI逆合成_可合成性_自动化化学	| PostEra | 美国/英国 | 合成感知型AI药物发现 | 反应预测、合成感知生成设计、药化优先级排序 | Proton/Manifold 类模型将效力/选择性/ADMET与可合成性联合优化；合成由合作方/外部实验网络执行 | 靶点、配体/结构、药化与反应数据、实验反馈 | 可合成候选、路线/反应建议、Development Candidate | 未见自有自动化湿实验室披露；依赖药企/合作实验网络 | 是；PCOS/生殖内分泌内部管线，另有合作管线 | COVID Moonshot 于2021年称已提名进入 IND-enabling 的开发候选；官网截至检索日仍称临床“planned”，未检出临床注册 | 自研管线+共研；里程碑/版税；政府资助 | Pfizer AI Lab：2021-12-11披露潜在$260m，2025-01-07扩至潜在$610m；2024-03-27称一项目首个科学关卡比预测快40%（均公司自述） | C级公司官网：[药物发现/管线](https://postera.ai/drug-discovery)、[Pfizer合作进展](https://postera.ai/news/postera-provides-update-on-progress-of-the-pfizer-partnered-ai-lab)、[Moonshot实验数据](https://postera.ai/moonshot)；B级论文：[Science 2023 COVID Moonshot](https://www.science.org/doi/10.1126/science.abo7201) | 强项是“合成感知设计+真实项目”，但物理执行闭环不自有；Moonshot 长期停留在 IND-enabling/临床计划是重要反证 |
1.5_AI逆合成_可合成性_自动化化学	| Chemify | 英国（苏格兰） | 数字化/自动化化学 | Chemputation、χDL化学语言、合成感知逆向设计、机器人多步合成 | Quantum Chemputation/ML设计→路线优化→χDL代码→Chemputer执行→纯化/分析→DMTA | 目标分子/性质、已知反应、仪器与物料约束 | 可执行化学代码、克级实体分子、分析数据 | 是；Chemifarm 与机器人反应、后处理、纯化和分析 | 未检出独立自研临床管线；以合作项目为主 | 发现阶段/先导发现；未检出PCC/IND/临床资产 | 联合发现、自动化合成服务、平台/设施合作、资助项目 | Sanacor 心代谢小分子发现合作，2026-02-25；条款未披露 | C级公司官网：[技术](https://www.chemify.io/technology)、[合作方式](https://www.chemify.io/ways-we-work)；B级专利：[US20230173450A1 自动化化学合成平台](https://patents.google.com/patent/US20230173450A1/en)；D级公告：[Sanacor合作](https://www.businesswire.com/news/home/20260225083560/en/Chemify-and-Sanacor-Collaborate-to-Discover-and-Develop-Small-Molecule-Therapies-for-Cardiometabolic-Diseases) | 物理自动化与标准化代码壁垒明确；药物资产验证仍早，商业可复制性和单项目毛利待查 |
1.5_AI逆合成_可合成性_自动化化学	| 晶泰科技（XtalPi/QuantumPharm，2228.HK） | 中国 | AI+机器人药物发现 | 可合成性评估、自动化库合成、反应条件筛选、DMTA、自主实验室 | XMolGen/计算设计→可合成性过滤→XmartChem/ChemArt自动合成→生物测试/结构与固态研发 | 靶点/分子、反应条件、库存、实验/生物数据 | 路线与化合物库、实体化合物、活性/结构数据、候选分子 | 是；官网披露200+机器工作站、覆盖80%常见反应类型 | 主要为合作/生态管线，未检出母公司明确完全自有临床管线 | DoveTree合作首个肿瘤PCC于2026-05-29披露进入 IND-enabling；另有合作资产IND（待监管逐条核验） | CRO/平台服务、联合发现、里程碑/潜在授权、自动化设备/软件 | DoveTree：2025-08-07正式协议，潜在总额$5.99bn；已披露$51m upfront并于2026-05-29收到第二笔$19m | C级公司官网：[自动化化学合成](https://www.xtalpi.com/automated_chemical_synthesis/)、[7天DMTA案例](https://www.xtalpi.com/%e5%9f%ba%e4%ba%8eai%e7%9a%84%e5%88%86%e5%ad%90%e8%ae%be%e8%ae%a1%e5%92%8c%e8%87%aa%e5%8a%a8%e5%8c%96%e5%ba%93%e5%90%88%e6%88%90%e5%8a%a0%e9%80%9f-dmta-%e5%be%aa%e7%8e%af/)、[DoveTree正式协议](https://en.xtalpi.com/xtalpi-and-dovetree-announce-landmark-6-billion-ai-drug-discovery-collaboration/)、[PCC/第二笔付款](https://www.prnewswire.com/apac/news-releases/xtalpi-receives-second-payment-from-dovetree-first-oncology-asset-advances-into-ind-enabling-studies-302785760.html)；港股上市主体 | 国内闭环能力最完整候选之一，已有PCC与实际现金验证；仍需拆开平台/服务收入、设备收入和风险共担管线价值，并以监管资料核验后续IND |
1.5_AI逆合成_可合成性_自动化化学	| Chemical.AI（智化/化学人工智能平台，品牌名） | 中国起源；现有加拿大与上海主体 | AI逆合成/智能合成 | ChemAIRS逆合成、SA Score、条件优化、杂质预测、ChemAILAB | 分子结构→多步路线/路线评分→条件与风险→AIoT自动实验（公司披露） | 目标分子、反应/ELN/库存数据、工艺约束 | 多条路线、可合成性分数、条件、杂质风险、实体样品 | 是（公司自述）：2021年在上海建立 ChemAILAB；独立规模/利用率未检出 | 未检出自研管线 | 合作发现/合成验证；未检出PCC/IND/临床资产 | SaaS/本地部署、数据库/ELN集成、合成服务、联合发现 | Pfizer 合作，2023-04-17公司披露；宣竹医药合作，2022-09-13双方新闻稿，条款均未披露 | C级公司官网：[公司与实验室沿革](https://www.chemical.ai/about)、[逆合成](https://www.chemical.ai/retrosynthesis)、[SA Score](https://www.chemical.ai/synthesizability)、[Pfizer合作](https://www.chemical.ai/news/chemicalai-announced-a-partnership-with-pfizer-to-create-ai-driven-pharmaceuticals) | 产品覆盖面和本地部署商业化清晰，但多数性能数字为公司自测，独立论文/客户侧药物里程碑不足 |
1.5_AI逆合成_可合成性_自动化化学	| 英矽智能（Insilico Medicine） | 中国香港/美国（全球运营） | 生成式AI+自动化药物发现 | Chemistry42、合成可行性约束、机器人实验、闭环优化 | 靶点发现→生成/评分→合成与生物实验→临床开发；逆合成本身并非其最强公开标签 | 多组学/文献/靶点、结构/配体、实验反馈 | 分子、实验数据、PCC/IND资产 | 是；公司披露机器人实验室和外部CRO冗余实验网络 | 是；40+项目 | Rentosertib/ISM001-055：Phase IIa 已完成；NCT05938920 有结果 | 自研管线授权、共同研发、平台许可 | Servier AI药物发现合作，2026-01-04签署、2026-01-09合作方披露；条款未披露 | A级监管注册：[NCT05938920](https://clinicaltrials.gov/study/NCT05938920)（71例、Phase 2、Completed、结果已提交）；C级公司：[机器人实验室](https://insilico.com/roboticslab)、[Rentosertib](https://insilico.com/interactive/drugs/rentosertib)、[管线](https://insilico.com/pipeline)；A级合作方：[Servier](https://servier.com/en/newsroom/research-two-new-partnerships/) | 用于满足“闭环→临床资产”验证，资产证据最强；但应避免把整个临床进展归因于逆合成模块，需将其视为端到端平台案例 |
3.1_siRNA_ASO_mRNA序列与修饰优化	|Creyon Bio|美国|AI 核酸药物|siRNA/ASO 序列与化学工程；aptamer 靶向递送|NucleIQ™ 用专有药理数据和 AI/ML 预测工具优化核酸安全性/活性；与全骨架修饰 aptamer、siRNA/ASO payload 和 LNP 定向递送结合|靶点/靶细胞、核酸序列、化学修饰、药理与体内数据|可合成的优化 oligo、aptamer-oligo 偶联物、组织/细胞特异候选|有；官网称 aptamer 平台可在 6–12 个月完成体内验证，并披露跨 BBB 的核酸递送临床前 POC|官网称 3 个 active wholly-owned products；披露 CNS、免疫及晚发型 Pompe splice-switching oligo 项目，但公开名称/阶段有限|临床前 POC|自研管线 + 多靶点研究合作 + 许可|Eli Lilly，2025-04-30：全球、多靶点合作；$13m upfront（含现金和股权购买），开发/商业里程碑潜在超过 $1bn，Lilly 获各靶点先导的独家许可|公司官网：[平台/管线总览，访问 2026-06-22](https://www.creyon.com/)；公司技术页：[Science & Technology](https://www.creyon.com/science/)；行业媒体：[Lilly 交易条款，2025-04-30](https://pmlive.com/pharma_news/eli-lilly-and-creyon-bio-enter-oligonucleotide-therapy-partnership-worth-over-1bn/)|高相关；商业与临床前 POC 较强。交易数字目前仅在公司新闻转引/媒体中检出，需补 Lilly 一手原文及管线逐项数据|
3.1_siRNA_ASO_mRNA序列与修饰优化	|Inceptive Nucleics|美国（Palo Alto；另有 Berlin/Zurich）|AI 序列药物|siRNA/ASO/mRNA 序列及化学修饰优化|端到端生命基础模型学习 sequence/function/structure 与合作方数据；模型提出分子，内部湿实验进行体外/体内排序验证，迭代设计；与 Alnylam 联合探索 siRNA 序列空间、靶 mRNA 和新化学修饰|公共与专有序列/功能/结构数据、伙伴数据、靶 mRNA、湿实验反馈|mRNA、siRNA、ASO、肽候选；候选性能排名及化学修饰设计|有；官网明确 in-house wet lab 高频体外/体内验证|未披露独立自研管线；已披露以伙伴项目为主|合作发现/临床前候选优选；无自有临床资产披露|平台合作/战略联盟|Alnylam，2026-06-03：最高 $2bn，$30m upfront（含现金和 Inceptive 股权购买）；另含临床前、监管、销售里程碑|公司官网：[Models/wet lab，访问 2026-06-22](https://www.inceptive.life/)；合作方联合公告转引：[Alnylam–Inceptive，2026-06-03](https://www.nasdaq.com/press-release/alnylam-and-inceptive-form-strategic-ai-collaboration-accelerate-discovery-rnai)|高相关、强商业验证；但合作刚公布，尚无公开的项目级体内数据、PCC 或临床读出，标题总额不能等同确定收入|
3.1_siRNA_ASO_mRNA序列与修饰优化	|Therna|美国（官网未披露具体注册地，待工商核验）|AI RNA 药物|mRNA 从头设计、ASO/siRNA 靶区设计|生成式 AI 探索 RNA 序列空间，设计定制 mRNA，并识别 mRNA 上最优 ASO/siRNA 靶区；AI 生成—实验验证—数据回训的 lab-in-the-loop|RNA/mRNA 序列、期望表达/沉默/微调功能、实验反馈|定制 mRNA、ASO/siRNA 靶区与候选序列|有；官网明确实验闭环，但未披露定量体内数据|未披露命名管线|发现/平台验证；未披露 PCC/IND/临床|平台合作 + 潜在自研（公开商业条款未检出）|未检出可核验的命名药企合作|公司自述：[平台、团队与 lab-in-the-loop，访问 2026-06-22](https://www.therna.com/)|技术口径高度匹配，但证据仍为 C 级公司自述；Stage 1 保留，后续需查专利、论文、融资材料和具体资产|
3.1_siRNA_ASO_mRNA序列与修饰优化	|衡昱生物 / Raina Biosciences|中美（北京/波士顿；英文品牌 Raina）|AI mRNA 药物|线性/环状 mRNA 的 CDS、UTR 协同生成与多目标优化|GEMORNA 采用面向 CDS/UTR 的 Transformer/GPT 式生成模型，从头生成全长 mRNA；优化表达、稳定性/持久性，并覆盖线性和 circular RNA|大规模进化 RNA 序列、CDS/UTR、目标蛋白、应用任务与高通量实验反馈|新型全长 mRNA/circRNA 序列、表达与稳定性优化候选|有；公司披露高通量基因合成、并行筛选、闭环；Science 论文含体外、小鼠和原代人 T 细胞验证|2025-08-28 公司称“准备建立 internal pipeline”；本次未检出命名资产|实验 POC/平台验证；无命名 PCC/IND/临床资产披露|平台合作 + 拟建自研管线|公司称与领先 pharma/biotech/academic institutions 合作，但未披露可核验伙伴名/日期/条款|论文：[Science, DOI 10.1126/science.adr8470](https://www.science.org/doi/10.1126/science.adr8470)；公司公告：[2025-08-28](https://rainabio.com/news_science_article.html)；公司官网：[GEMORNA/高通量验证](https://rainabio.com/)；投资方媒体：[创新工场/搜狐，2025-08-29](https://www.sohu.com/a/929795456_198516)|国内/中美候选中证据最强；论文显示跨应用实验泛化，但尚无命名资产和具名 BD。公司新闻“150-fold hEPO”与论文摘要“15-fold”存在数量级冲突，暂采用论文口径|
3.2_LNP和非病毒递送材料设计	| Mana.bio | 以色列 | AI核酸递送 | LNP、肝外/细胞特异递送 | ML生成与排序LNP配方；新型脂质；设计—制备—筛选—学习闭环；T细胞/肺靶向 | 公共文献、专利、专有配方与体内外数据、脂质结构、毒性和理化指标 | 组织/细胞特异LNP、配方、毒性/效力预测、候选LNP | 有。官网称每周合成数十种配方并做自动化体外/体内筛选；披露小鼠和NHP数据 | MB-LNP-01/02/05肺递送系列；体内CAR-T/T细胞递送候选（尚未见正式药物资产编码/IND） | 临床前；NHP PoC | 平台合作/共同开发；可能叠加候选递送载体授权（具体经济条款未披露） | 2024-02-28加入Ginkgo Technology Network；2024-10-01与Sheba Medical Center ARC合作癌症及自身免疫RNA递送 | **C 公司官网**：[技术平台](https://www.mana.bio/technology)、[Sheba合作](https://www.mana.bio/news/sheba-medical-center%2C-arc-%26-mana.bio-announce-partnership-to-revolutionize-rna-delivery-for-cancer-%26-autoimmune-diseases)、[Ginkgo合作](https://www.mana.bio/news/mana.bio-partners-with-ginkgo-bioworks-to-add-delivery-capabilities-as-part-of-its-technology-network-platform-launch)；**B 预印本**：[Research Square, 2025-12-04](https://doi.org/10.21203/rs.3.rs-7848619/v1)；**C 公司海报页**：[体内CAR-T](https://www.mana.bio/publications/ml-driven-design-of-lipid-nanoparticles-for-in-vivo-car-t-therapy)、[肺靶向](https://www.mana.bio/publications/leveraging-ai-to-improve-safety-and-potency-of-lung-specific-lipid-nanoparticles) | **核心候选。** AI—湿实验—NHP闭环最清楚；但资产命名、IND路径、合作经济条款及同行评议仍不足，需Stage 2核验 |
3.2_LNP和非病毒递送材料设计	| Mirai Bio | 美国 | AI核酸递送 | 靶向/基础LNP、肝外递送、递送—货物—工艺共同优化 | 专有体内生物分布数据 + ML引导配方优化；模块化靶向LNP；从设计到NHP/GMP工艺 | 货物序列、靶细胞/组织、离子化脂质库、体内分布、效力/耐受性与工艺数据 | 基础或靶向LNP、可转化候选、工艺与制造方案 | 有。高通量体内筛选；2026年披露小鼠和NHP功能PoC | CD8靶向LNP/CD20 CAR mRNA；脂肪细胞靶向LNP（更接近“合作方货物可装载载体”，未见独立临床资产） | 临床前；NHP功能PoC | 开放式端到端合作平台；设计、递送、开发与制造整合 | 2025-05-20与Thermo Fisher Scientific建立战略合作，后者为优选cGMP/CDMO及商业制造方，并对Mirai直接投资（金额未披露） | **C 公司公告**：[2024成立/平台披露](https://www.miraibio.com/news/flagship-pioneering-unveils-mirai-bio-to-provide-fully-integrated-end-to-end-genetic-medicine-development-capabilities-for-the-biotech-industry)、[Thermo Fisher合作](https://www.miraibio.com/news/mirai-bio-announces-partnership-with-thermo-fisher-scientific-to-accelerate-development-of-genetic-medicines)、[2026 CD8-LNP NHP数据](https://www.miraibio.com/news/mirai-bio-presents-data-showing-rapid-advancement-of-novel-cd8-t-cell-targeted-lnps-to-functional-nhp-proof-of-concept-at-asgct-2026)、[2026脂肪细胞数据](https://www.miraibio.com/news/mirai-bio-presents-data-at-asgct-2026-demonstrating-optimized-lnp-delivery-to-adipocytes-opening-a-new-extrahepatic-frontier-for-nucleic-acid-medicines) | **核心候选。** 2026 NHP功能数据增强可信度；当前更像合作型递送基础设施，需确认付费客户、项目权利结构和可独占IP |
3.2_LNP和非病毒递送材料设计	| 剂泰科技（METiS TechBio；原METiS Therapeutics） | 中国北京 | AI纳米递送 | AiLNP核酸递送；组织/细胞靶向LNP；NanoForge | 量化/分子动力学、生成式脂质模型、ALAN智能体、千万级脂质虚拟库、DATALOTS高通量配方与体内验证闭环 | 脂质结构、配方、专利/文献、20+理化/功能指标、正负湿实验与体内分布数据 | 新脂质、器官/细胞靶向LNP、配方、PCC和mRNA-LNP药物 | 有。公司称具备高通量湿实验及体内验证；注册库已出现公司协作的mRNA-LNP FIH试验 | MTS109（mRNA-LNP，自身免疫病IIT）；公司另称10+项目、7个临床前候选、4个临床项目，但未逐项公开映射 | **Early Phase 1/IIT**：NCT07526350，2026-03-24实际启动、2026-04-13首次公示、招募中 | 自研管线 + OpenCGT平台合作/联合开发/递送技术许可；公司称包含首付款、里程碑和销售分成 | 2026年与Grit Biotechnology签署免疫靶向LNP技术合作（页面正文未显示精确披露日）；公司称OpenCGT累计合作价值超人民币60亿元，需逐单核验 | **A 临床注册**：[NCT07526350](https://clinicaltrials.gov/study/NCT07526350)（上海长征医院申办、Metis Techbio协作）；**C 公司公告**：[Grit/OpenCGT合作](https://metistechbio.com/en/qyxw/239.html)；**C 公司新闻稿**：[NanoForge, 2025-09-29](https://www.prnewswire.com/news-releases/metis-launches-worlds-first-ai-driven-nano-delivery-platform-nanoforge-302569593.html)；**D 中文媒体**：[量子位, 2025-09-18](https://www.qbitai.com/2025/09/333260.html)、[China Daily, 2025-09-19](https://global.chinadaily.com.cn/a/202509/19/WS68ccad4da3108622abca1a24.html) | **核心候选、国内优先跟踪。** 已越过纯平台叙事并进入人体验证；但MTS109为医院IIT、注册文本存在“静脉/皮下注射”描述不一致，且公司披露的4项临床项目和60亿元合作需按资产逐一验证 |
3.3_CRISPR酶_gRNA_碱基_先导编辑器	| Profluent Bio | 美国 | AI 设计基因编辑工具 | AI 生成 CRISPR 酶、base editor、recombinase | 蛋白语言模型/生成式 AI 设计 OpenCRISPR-1、AI deaminase、AI recombinase | 大规模蛋白序列、CRISPR scaffold、目标功能约束 | AI 生成 Cas-like 编辑器、base editor 架构、recombinase 候选 | 公司官网披露 OpenCRISPR-1 在 HEK293T 细胞中实现人基因组编辑；on-target efficiency 与 SpCas9 可比且 specificity 更高；可与 AI-generated deaminases 组成 A-to-G base editor | 未检出自研临床资产；当前更偏平台/合作 | 工具/平台临床前；未检出 IND | 平台合作、定制蛋白/编辑器设计、授权 | 2026-04-28 与 Eli Lilly 战略合作开发 AI-designed recombinases；2025-12-09 与 Ensoma 开发 AI-designed base editors | C 公司公告/官网：[OpenCRISPR](https://www.profluent.bio/modality/opencrispr)、[Media 列表](https://www.profluent.bio/media)、[Lilly 合作页](https://www.profluent.bio/media/profluent-announces-strategic-partnership-with-eli-lilly-to-develop-ai-designed-recombinases-for-genetic-medicine)；B 论文直链：[Nature Biotechnology 2025](https://www.nature.com/articles/s41587-025-02645-9)、[bioRxiv 2024](https://www.biorxiv.org/content/10.1101/2024.04.22.590591v1) | AI 相关性最强；但药物资产验证弱，Stage 1 应作为“AI 编辑工具平台/BD 观察对象”，重点追踪合作是否产生 PCC/IND |
3.3_CRISPR酶_gRNA_碱基_先导编辑器	| Metagenomi Therapeutics (MGX) | 美国 | AI/ML 辅助 genome editing toolbox | 新型 nuclease、base editing、RIGS/prime editing、CAST | 宏基因组数据库 + AI/ML/算法筛选 + HTS + 工程优化 | 环境微生物 DNA/宏基因组序列、CRISPR/Cas protein candidates、gRNA/guide screening 数据 | novel nuclease、base editor、RNA/DNA-mediated integration system、prime-like/RIGS、CAST | IPO/SEC 披露：预测 7.4B+ proteins、1.75M+ CRISPRs、322M+ Cas proteins；高通量测序和细胞/动物/NHP 验证；guide-specific on/off-target characterization | MGX-001 血友病 A 等；Ionis 合作心代谢靶点 | 临床前/NHP；SEC 披露尚未进入临床 | 自研管线 + 大药企合作/授权 | 2022-11-14 Ionis 合作，$80M upfront；2021-10-29 Moderna 合作，2024-04-26 双方终止 | A/C SEC：[2024 424B4](https://www.sec.gov/Archives/edgar/data/1785279/000119312524031007/d425213d424b4.htm)、[2024 Moderna 终止 8-K](https://www.sec.gov/Archives/edgar/data/1785279/000095017024051238/mgx-20240426.htm)、[2025 10-K](https://www.sec.gov/Archives/edgar/data/1785279/000095017025040217/mgx-20241231.htm)；C 官网：[Metagenomi](https://metagenomi.co/)、[Pipeline](https://metagenomi.co/pipeline)、[Ionis 合作入口](https://metagenomi.co/news/ionis-partners-with-metagenomi-to-add-gene-editing-to-its-broad-technology-platform) | AI/ML 与编辑工具发现高度相关；有强 BD 和负面终止证据；但资产仍早，需关注现金消耗、管线收缩、IND 时间表 |
3.3_CRISPR酶_gRNA_碱基_先导编辑器	| Arbor Biotechnologies | 美国 | AI/ML 发现 DNA editors | novel CRISPR/Cas nuclease、Cas12i2、reverse transcriptase editing | AI/ML-guided discovery engine + metagenomic data + protein engineering | 3B+ proteins indexed、HTS 数据、疾病靶点、gRNA | 新型 Type V CRISPR Cas12i2 nuclease、优化 gRNA、AAV/RT editing candidates | 官网披露 AI/ML feedback loops、17 proprietary CRISPR subtypes/variants、>30x editing efficiency improvement；ABO-101 临床试验使用 LNP mRNA + optimized gRNA | ABO-101 for PH1；CNS/ALS、reverse transcriptase editing 等 | Phase 1/2 recruiting：redePHine, NCT06839235；2025-06-16 actual start | 自研临床管线 + 授权/合作 | 2023-01-11 与 Vertex 扩大战略合作；2024-03-12 Allogene 授权用于 allogeneic CAR-T autoimmune platform | A 临床注册：[NCT06839235](https://clinicaltrials.gov/study/NCT06839235)；C 官网：[Next-gen gene editing](https://arbor.bio/what-we-do/next-gen-gene-editing/)、[Clinical trial](https://arbor.bio/clinical-trial/)、[Pipeline](https://arbor.bio/pipeline/)、[Press releases](https://arbor.bio/stay-updated/) | AI/ML 发现与临床资产兼具，是本模块较完整样本；需继续核对 ABO-101 剂量、安全性、免疫原性和 Cas12i2 IP |
3.3_CRISPR酶_gRNA_碱基_先导编辑器	| Scribe Therapeutics | 美国 | 工程化 CRISPR 平台 | CasX/XE gene editing、ELXR epigenetic silencing、gRNA/递送整体工程 | CRISPR by Design：迭代突变、筛选、fitness landscape、enzyme+gRNA+delivery holistic engineering | CasX 起始分子、突变库、screening data、therapeutic objectives、gRNA | XE editor、ELXR 表观遗传沉默系统、STX-1150 | 官网披露 thousands-to-millions mutations screening；XE 100x activity improvement/no detectable off-target editing；STX-1150 临床注册含 mRNA+gRNA+LNP | STX-1150 PCSK9 epigenetic silencing；cardiometabolic portfolio | Phase 1 not yet recruiting：NCT07428473；2026-05-21 TGA clearance disclosed | 自研 + 大药企授权合作 | 2023-05-16 Lilly/Prevail 合作，$75M upfront/equity + >$1.5B milestones；2023-07-17 Sanofi 合作，$40M upfront + >$1.2B milestones | A 临床注册：[NCT07428473](https://clinicaltrials.gov/study/NCT07428473)；C 官网/公告：[Platform](https://www.scribetx.com/platform)、[Pipeline](https://www.scribetx.com/pipeline)、[TGA clearance](https://www.scribetx.com/news/scribe-therapeutics-achieves-regulatory-clearance-to-initiate-first-in-human-clinical-study-of-stx-1150-for-ldl-c-reduction)、[Lilly/Prevail](https://www.scribetx.com/news/scribe-announces-collaboration-with-prevail-a-wholly-owned-subsidiary-of-lilly-to-accelerate-in-vivo-crispr-based-genetic-medicines-for-neurological-and-neuromuscular-diseases)、[Sanofi](https://www.scribetx.com/news/scribe-therapeutics-expands-collaboration-with-sanofi-to-advance-in-vivo-genetic-medicines-for-sickle-cell-and-other-genomic-diseases) | AI 字样不强，但设计/筛选闭环和 gRNA/递送整体工程明确；临床资产和 BD 很强，可作为“工程化 CRISPR 平台”标杆 |
3.3_CRISPR酶_gRNA_碱基_先导编辑器	| 正序生物 CorrectSequence Therapeutics | 中国/上海 | 碱基编辑疗法 | transformer Base Editor (tBE)、体外/体内 base editing | 自主原创 tBE；体外编辑 CD34+ HSPC；体内 APOC3/INHBE base editing | 患者自体 CD34+ HSPC、HBG1/2 promoter target、APOC3/INHBE 靶点 | CS-101、CS-121 等 base editing 药物 | Nature/ClinicalTrials/官网披露 CS-101 IIT 5 例 β-thalassemia，至少 15 个月随访均摆脱输血依赖，未检出脱靶编辑；CS-121 ASGCT 2026 临床数据摘要 | CS-101 β-地贫/镰贫；CS-121 高甘油三酯/乳糜微粒血症；肥胖症 preclinical | CS-101 Early Phase 1 IIT completed，NCT06024876；公司披露 2024-04-02 NMPA IND 默示许可 | 自研药物管线 | 未检出明确大药企合作/授权；公司披露合作临床研究单位包括广西医科大学一附院、上海科技大学等 | A 临床注册：[NCT06024876](https://clinicaltrials.gov/study/NCT06024876)；B/C 公司+论文：[CS-101 Nature 新闻](https://www.correctsequence.com/news/shownews.php?id=493)、[Nature 2026](https://www.nature.com/articles/s41586-026-10342-9)、[CS-121 ASGCT 新闻](https://www.correctsequence.com/news/shownews.php?id=500)、[Pipeline](https://www.correctsequence.com/product/) | 国内临床验证最强，但未检出 AI 设计证据；纳入是因其属于碱基编辑器药物化核心赛道，需在 AI 模块中标注“非 AI/AI 未检出” |
3.3_CRISPR酶_gRNA_碱基_先导编辑器	| 博雅辑因 EdiGene | 中国/北京 | 基因/RNA 编辑平台 | LEAPER RNA base editing、MAGIC 高通量筛选/免疫相容 | arRNA 招募内源 ADAR；单基因 knockout 高通量筛选 | arRNA、内源 ADAR、T/NK cell screen、DMD 等疾病靶点 | RNA A-to-I editing、通用型细胞疗法靶点、DMD gene therapy concepts | 官网披露 LEAPER 2.0 体内外效率/精确性提升、MAGIC 靶点由基因编辑高通量筛选发现 | DMD、通用型 CAR-T、血液肿瘤、自免等 | 官网未检出具体临床阶段/IND 进展 | 自研平台/管线，商务合作 | 未检出本模块相关大药企授权 | C 官网：[EdiGene](https://www.edigene.com/)、[LEAPER](https://www.edigene.com/leaper/)、[MAGIC](https://www.edigene.com/magic/)、[LEAPER gene therapy](https://www.edigene.com/genetherapy/)、[MAGIC cell therapy](https://www.edigene.com/celltherapy/) | 国内补充样本；偏 RNA editing/细胞疗法，不是 CRISPR enzyme AI 设计主线，AI 证据未检出，后续优先级低于正序 |
3.4_AAV和病毒载体衣壳设计	| Dyno Therapeutics | 美国 | CGT/递送 | AI AAV 衣壳设计 | AI 生成/优化 AAV capsid；组织靶向：CNS、肌肉、眼；高通量体内数据闭环 | 数十亿级体内测量、AAV 序列、NHP 数据、制造约束 | 可授权的新型 AAV capsid；肌肉/CNS/眼递送载体 | 是；公司自述 high-throughput in vivo experimentation | 以平台授权为主；未检出公开自研临床管线 | 合作方临床前推进；capsid ready for clinical advancement（公司自述） | 平台合作、capsid license、里程碑/royalty | 2026-04-08 Astellas exercise option，$15m license fee；2025-01 Roche CNS capsid option（Dyno 自述） | C：Dyno 官网/BusinessWire 风格公告：[Astellas capsid license](https://www.dynotx.com/news/dyno-therapeutics-announces-capsid-license-exercised-by-astellas-for-skeletal-muscle-targeted-gene-delivery-validating-ai-powered-technology-for-biological-sequence-design)；B：PubMed/Nat Biotech 2021 [PMID:33574611](https://pubmed.ncbi.nlm.nih.gov/33574611/) | AI-AAV 产业验证最强之一：已有授权费、NHP 肌肉靶向和 Roche/Astellas 验证；需继续验证合作方是否进入 IND/临床。 |
3.4_AAV和病毒载体衣壳设计	| Avista Therapeutics | 美国 | CGT/递送 | AI AAV 衣壳设计 | Artemis AI：PLM + 分子动力学 + 单细胞体内 AAV 数据；视网膜/脑 capsid | in vivo AAV variant 数据、单细胞分辨率、结构/分子动力学信息 | novel AAV capsids；retina/brain 递送 | 是；公司自述体内数据、跨物种验证 | 官网有 ophthalmology/CNS pipeline 图，但文字未披露具体资产阶段 | 未检出注册临床；推测临床前 | 平台/资产型，潜在授权 | 未检出明确药企授权；2026-01 PRNewswire 线索显示 AI gene therapy platform 扩展 | C：公司官网：[Artemis platform](https://www.avistatx.com/artemis)，[pipeline](https://www.avistatx.com/pipeline)；D：Bing/PRNewswire 线索 | 技术叙事高度匹配 AI capsid；体内/NHP/临床阶段需二次核验，当前证据偏公司自述。 |
3.4_AAV和病毒载体衣壳设计	| Affinia Therapeutics | 美国 | CGT/递送 | AI/理性设计 AAV 衣壳 | ART 平台：AI、结构建模、NGS、ML；心肌靶向 ATC-187；BBB-penetrant capsids | NGS、结构/工艺/功能数据、动物模型、AAV peptide capsid | AFTX-201 等 AAV gene therapy；心肌/神经系统 capsid | 是；动物模型、NHP、转化数据 | AFTX-201（BAG3 DCM）；其他心血管/神经预临床 | Phase 1/2 注册，未开始招募（NCT07426419） | 资产型；制造合作 | 2024-11-13 Forge Biologics cGMP manufacturing partnership；2026 FDA IND accepted/Fast Track（公司/媒体披露，CT.gov 已有 NCT） | A：ClinicalTrials.gov [NCT07426419](https://clinicaltrials.gov/study/NCT07426419)；C：官网 [platform](https://affiniatx.com/our-science/our-platform/)，[AFTX-201](https://affiniatx.com/aftx-201/)；C/D：BusinessWire [ASGCT 2026 data](https://www.businesswire.com/news/home/20260514999196/en/Affinia-Therapeutics-Presents-AFTX-201-Data-and-UPBEAT-Clinical-Trial-Design-for-BAG3-Associated-Dilated-Cardiomyopathy-Alongside-Advances-in-BBB-Penetrant-AAV-Capsids-and-Proprietary-Manufacturing-at-the-29th-ASGCT-2026-Annual-Meeting) | 临床资产验证强；“AI”是平台组成之一，不是纯生成式 capsid 公司。需跟踪首例给药和安全性。 |
3.4_AAV和病毒载体衣壳设计	| 4D Molecular Therapeutics / 4DMT | 美国 | CGT/递送 | 定向进化/数据驱动 AAV capsid | Therapeutic Vector Evolution；A101/4D vectors；视网膜、肺、心脏 | 大规模 capsid 库、体内/体外筛选、临床数据 | 4D-150、4D-710、4D-310 等 AAV gene therapy | 是；临床和 NHP/体内验证丰富 | 4D-150 wet AMD/DME；4D-710 CF；4D-310 Fabry | 4D-150 Phase 3；4D-710 Phase 2；4D-310 Phase 1/2 | 资产型；合作/基金会支持；上市公司 | 未作为 AI 授权案例；但有 CFF/TDN 等支持线索；2025-01 pipeline refocus | A：ClinicalTrials.gov [4D-150 NCT06864988](https://clinicaltrials.gov/study/NCT06864988), [NCT05197270](https://clinicaltrials.gov/study/NCT05197270), [4D-310 NCT04519749](https://clinicaltrials.gov/study/NCT04519749), [4D-710 NCT05248230](https://clinicaltrials.gov/study/NCT05248230)；A：SEC 8-K [2025-01-10](https://www.sec.gov/Archives/edgar/data/1650648/000095017025003832/fdmt-20250110.htm)；C：[pipeline](https://www.4dmoleculartherapeutics.com/pipeline/) | 非纯 AI，但代表“进化式 capsid 设计→临床资产”的最高阶段参照；同时提供负面/安全性与管线收缩案例。 |
3.4_AAV和病毒载体衣壳设计	| Capsigen | 美国 | CGT/递送 | 定向进化 + 数据科学 AAV capsid | TRADE™ transcription-dependent directed evolution；mRNA readout；NHP neurotropic capsid | 高多样性库、目标细胞/组织 readout、动物模型、数据科学 | fit-for-purpose capsids；CNS/neuromuscular capsid | 是；官网称可在 animal species 中工程化并有 NHP 神经嗜性 capsid | 未检出公开自研临床管线 | 临床前平台 | 平台合作 | Biogen strategic research collaboration（官网披露，日期需从 PDF 二次核验） | C：官网 [Capsigen](https://capsigen.com/)；待下载：Biogen/Capsigen PDF | 产业化平台清晰，AI 成分表述为 data science 而非生成式 AI；适合作为 directed evolution 对照公司。 |
3.4_AAV和病毒载体衣壳设计	| 步杨基因 / Byongen Therapeutics | 中国（北京） | CGT/递送 | AI + 理性设计 + 高通量定向进化 AAV 衣壳 | DynEvoLib®；MyoCAP® 肌肉靶向衣壳；AI 辅助、自动化捕获、内参校准、并行评估 | AAV 衣壳序列、体内/体外筛选数据、AI/理性设计 | 下一代组织靶向 AAV capsid；DMD 等潜在疗法载体 | 是/合作型；官网称高通量定向进化并发布 ASGCT 数据 | 未检出独立临床管线；与锦篮合作 DMD | 未检出 IND/临床；ASGCT 2025/2026 数据 | 平台合作/联合开发 | 2025-02-21 与锦篮合作开发下一代 DMD 基因疗法（公司官网新闻标题） | C：官网 [Byongen](http://byongen.com/)；C：新闻列表含 ASGCT 2026、与锦篮合作 | 国内最直接命中“AI+AAV衣壳研发”的资产/平台线索；需获取 ASGCT 摘要、合作公告全文和是否有候选 capsid 授权条款。 |
3.4_AAV和病毒载体衣壳设计	| Frontera Therapeutics / 芳拓生物 | 中国/美国（上海/苏州/波士顿） | CGT/递送 | rAAV 载体改造与筛选 | rational design + in vitro/in vivo screening；AAVANCE™ 生产 | rAAV capsid variants、GOI 序列、Sf9 生产工艺 | 组织靶向、低免疫原性 rAAV variants；FT 系列管线 | 是；研发+GMP 生产+临床 | FT-001/002/003/017/022 等 | 多个临床注册；FT-002 ClinicalTrials.gov 早期/Phase 1/2 | 资产型；融资/IPO 线索 | 未检出明确 AI capsid 授权；临床资产为主 | A：ClinicalTrials.gov [FT-002 NCT05874310](https://clinicaltrials.gov/study/NCT05874310), [NCT06492850](https://clinicaltrials.gov/study/NCT06492850)；C：官网 [Frontera](https://www.fronteratherapeutics.com/) | 不是明确 AI 公司，但属于中国 AAV capsid/vector 工程与临床资产强线索；用于国内参照，不应等同 AI 生成式平台。 |
3.4_AAV和病毒载体衣壳设计	| 赛业生物 / Cyagen（线索，非核心纳入） | 中国（苏州/广州等） | CGT/递送服务 | AI 辅助 AAV discovery 服务 | 深度学习筛选 AAV mutants；CNS/眼靶向；CRO 服务流程 | AAV 突变体、深度学习模型、wet lab 服务 | AAV-Brain、AAV-Eye 等服务/变体 | 是，CRO 服务 | 未检出自研临床资产 | 无；服务型 | 与蓝岛生物深化合作（第三方线索） | C：官网 [AI辅助AAV发现](https://www.cyagen.cn/ai-drug-discovery/ai-aav)；D：Bing 中文结果 | 按用户排除规则：偏 CRO/服务交付，列为国内供给链/技术线索，不作为核心资产型公司。 |
2.1_蛋白和复合物结构预测	| Isomorphic Labs | 英国 | AI 药物发现/大分子生物药 | 全原子生物分子复合物共折叠、跨模态药物设计 | AlphaFold 3 扩散式全原子共折叠 → 内部统一药物设计引擎 → 小分子、抗体、多肽、分子胶候选生成 | 蛋白、DNA、RNA、配体、离子及修饰残基清单/序列与研发目标 | 联合三维结构、相互作用/置信度及跨模态候选 | 公司披露为一体化药物发现组织，但未检出可量化的自有湿实验规模；2025 年开始搭建临床团队 | 有自研项目，但靶点/候选物未命名披露 | **未披露**；截至截止日未检出命名资产或临床注册 | 自研管线 + 多靶点药企合作 | 2024-01-07 与 Lilly、Novartis 两项合作；2026-01-20 与 Johnson & Johnson 开展跨模态、多靶点合作（含大分子/生物药） | B级论文：[AlphaFold 3, Nature, 2024-05-08](https://pubmed.ncbi.nlm.nih.gov/38718835/)；C级公司官网：[技术说明](https://www.isomorphiclabs.com/articles/alphafold-3-predicts-the-structure-and-interactions-of-all-of-lifes-molecules)、[2024 两项合作](https://www.isomorphiclabs.com/articles/isomorphic-labs-kicks-off-2024-with-two-pharmaceutical-collaborations)、[J&J 合作](https://www.isomorphiclabs.com/articles/isomorphic-labs-enters-into-a-research-collaboration-with-johnson-johnson) | 技术与 BD 验证强；但命名资产、湿实验转化和临床阶段尚缺一手披露，Stage 1 保留为核心跟踪标的 |
2.1_蛋白和复合物结构预测	| Generate:Biomedicines（Generate 生物医药） | 美国 | AI 蛋白药物设计 | 蛋白/蛋白复合物生成、抗体定向优化 | Chroma/Generate 平台提出治疗目标 → 生成结构与序列 → 实体蛋白构建 → 高通量测量 → 模型迭代 | 靶点/表位、功能和药代/成药性目标、结构及序列约束 | 新蛋白结构与序列、抗体/细胞疗法组件及候选药物 | **有**；平台明确为 design-build-measure-learn 闭环；Chroma 论文对 310 个生成蛋白做实验表征 | GB-0895（抗 TSLP）、GB-4362、GB-5267 等 | **III 期**；SOLAIRIA-1/2 均为招募中 | 自研临床管线 + 蛋白药联合发现/许可 + 里程碑/销售提成 | 2024-09-19 与 Novartis 多靶点蛋白疗法合作：$50m 首付款、$15m 股权投资、最高 $1.0bn 里程碑及分级销售提成 | A级监管：[NCT07276724](https://clinicaltrials.gov/study/NCT07276724)、[NCT07359846](https://clinicaltrials.gov/study/NCT07359846)；A级财务：[SEC S-1, 2026-02-04](https://www.sec.gov/Archives/edgar/data/2100782/000119312526037799/ck0002100782-20260204.htm)；B级论文：[Chroma, Nature, 2023-11-15](https://pubmed.ncbi.nlm.nih.gov/37968394/)；C级官网：[平台](https://www.generatebiomedicines.com/platform)、[III期公告, 2025-12-01](https://www.generatebiomedicines.com/media-center/generatebiomedicines-to-initiate-global-phase-3-studies-of-gb-0895-a-long-acting-anti-tslp-antibody-for-severe-asthma-engineered-with-ai) | 本轮资产验证最强；但属于“生成设计+结构”而非纯结构预测，需进一步拆分平台对 GB-0895 的真实增量贡献 |
2.1_蛋白和复合物结构预测	| Iambic Therapeutics | 美国 | AI 结构药物发现 | 蛋白-配体/全原子复合物结构预测、构象变化和隐蔽口袋 | NeuralPLexer 共折叠/构象响应预测 → Enchant 多任务性质预测 → 自动化合成与生物实验周循环 | 蛋白序列/结构、配体图、复合物及多参数候选目标 | 全原子复合物、配体诱导构象、口袋和小分子候选 | **有**；官网披露高通量化学、生化/细胞实验与每周闭环 | IAM1363、IAM-K1、IAM-C1 等；目前主要是小分子 | **I/1b 期**；IAM1363 招募中 | 自研临床管线 + 模型/研究合作 + 服务付款/里程碑 | 2025-07-09 与 Revolution Medicines 合作；Iambic 可获最高 $25m 首期及近期绩效付款，并获研发费用 | A级监管：[NCT06253871](https://clinicaltrials.gov/study/NCT06253871)；B级论文：[NeuralPLexer, Nature Machine Intelligence, 2024-02-12](https://www.nature.com/articles/s42256-024-00792-z)；B级专利：[WO2024187031A2](https://patents.google.com/patent/WO2024187031A2/en)；C级官网：[平台](https://www.iambic.ai/platform)、[2025 临床数据](https://www.iambic.ai/post/esmo-iam1363)、[Revolution 合作](https://www.iambic.ai/post/revolution-medicines-collaboration) | 结构预测—自动实验—临床资产闭环清楚；但当前资产输出是小分子，纳入本节用于验证“蛋白/复合物结构预测的药物资产应用”，不等同于大分子药公司 |
2.1_蛋白和复合物结构预测	| 百图生科（BioMap） | 中国 | 生命科学基础模型/AI 大分子 | 抗体结构预测、蛋白-蛋白/抗原-抗体对接 | xTrimoABFold 抗体结构预测 + xTrimoDock 序列/结构跨模态表征和刚性对接 + xTrimo 平台下游设计 | 抗体/蛋白序列、单体结构、分子表面/点云及任务约束 | 抗体三维结构、复合物姿态、蛋白/抗体设计建议 | 自有湿实验规模**未清晰披露**；2025 年与科兴制药合作规划 AI 智能实验室，科兴提供细胞株、成药性、工艺和规模化生产 | 未检出命名自研候选药物；合作项目靶点/资产未披露 | **未披露**；合作仍属发现/临床前导向 | 基础模型/任务模型平台 + 企业服务 + 联合研发 | 2025-03-21 与科兴制药合作大分子药全流程（2025-03-24 披露），含专属模型和 AI 智能实验室 | B级论文/会议：[xTrimoDock bioRxiv, 2023-02-06](https://www.biorxiv.org/content/10.1101/2023.02.06.527251v1)、[NeurIPS 2023 论文页](https://proceedings.neurips.cc/paper_files/paper/2023/hash/77fa0e7d45c6687f1958de0b31e9fc05-Abstract-Conference.html)；B级专利：[CN119007809A](https://patents.google.com/patent/CN119007809A/en)；A级合作方公告：[科兴制药, 2025-03-24](https://www.kexing.com/news/407.html) | 技术/商业发现成立；药物资产和实验结果披露不足，当前更像平台型候选，需避免把模型 benchmark 当成管线验证 |
2.1_蛋白和复合物结构预测	| 深势科技（DP Technology） | 中国 | AI for Science/CADD | 蛋白/抗体折叠、蛋白-蛋白对接、动态构象与结构优化 | Uni-Fold/Antibody Folding/Protein-Protein Docking → RiDYMO 强化动力学构象采样 → 虚筛/FEP/性质优化 | 序列/MSA、单体或复合物结构、配体、分子动力学与设计约束 | 靶标/抗体结构、动态构象、复合物姿态、Hit/Lead 及候选物 | 自有规模未清晰披露；与保诺-桑迪亚建立计算—合成—生测闭环，合作方可一周平行合成数百种环肽并测试 | 2024-01-30 公司称已提名潜在 Best-in-Class 口服 Kv1.3 抑制剂；未检出后续 IND/临床注册 | **PCC/临床前（公司自述）**；后续状态未检出 | 软件/私有化部署 + 计算服务 + 联合研发/一体化发现服务 | 2025-07-30 与保诺-桑迪亚共建 AI 环肽发现平台；2025-04-14 与迈威生物合作生物药研发大模型/创新靶点 | C级官网：[Hermite 平台](https://www.dp.tech/product/hermite)；A级合作方公告：[保诺-桑迪亚, 2025-07-30](https://www.bioduro-sundia.cn/company-news/bioduro-and-atombeat-partnership-for-accelerated-peptide-drug-discovery.html)、[迈威生物, 2025-04-14](https://mabwell.com/news_info/id-204.html)；B级预印本：[Uni-Fold, 2022-08-06](https://www.biorxiv.org/content/10.1101/2022.08.04.502811v1)；C/E级公司公众号：[Kv1.3 PCC, 2024-01-30](https://mp.weixin.qq.com/s/6B2cnGpXSAvvh1iQeR3-9w) | 结构工具和付费/联合服务验证较强，且有 PCC 信号；但自身湿实验与资产权属、PCC 后续阶段需要尽调 |
2.2_抗体亲和力_特异性_可开发性优化	| BigHat Biosciences | 美国 | AI大分子生物药 | 抗体亲和力、特异性、可开发性与多参数优化 | Milliner/RADS：生成/命中后工程、主动学习、设计—构建—测试—学习；同时优化亲和力、特异性、稳定性、免疫原性、制造属性及多特异性构型 | 抗原结构/表位、起始抗体序列、功能与生物物理实验数据 | 优化序列、候选抗体、多特异性抗体/ADC序列 | **自建高通量湿实验**；合成生物学、自动化表达/表征与ML闭环 | 有；官网披露治疗项目，但本模块未检出已进入IND的命名自研抗体 | Lead/临床前；2025-10-28称J&J合作后续推进多条新序列，未披露PCC/IND | 联合发现、平台合作、自研资产 | Merck，2022-11-29（最多3个项目）；Lilly，2025-04-17（最多2个项目） | C级公司官网：[技术平台](https://www.bighatbio.com/technology)、[Merck合作](https://www.bighatbio.com/news/bighat-biosciences-announces-research-collaboration-with-merck)、[Lilly合作](https://www.bighatbio.com/news/bighat-biosciences-and-lilly-collaborate-to-advance-ai-driven-antibody-therapeutics)、[J&J合作完成](https://www.bighatbio.com/news/bighat-announce-successful-completion-of-our-strategic-collaboration-with-johnson-johnson)；B级专利：[WIPO检索：BigHat](https://patentscope.wipo.int/search/en/result.jsf?query=PA%3A%22BigHat%20Biosciences%22) | **值得深挖**：闭环与重复药企合作较强；需核实合作序列是否达到PCC、实验成功率和对照基线 |
2.2_抗体亲和力_特异性_可开发性优化	| LabGenius Therapeutics | 英国 | AI大分子生物药 | 多特异性抗体功能、选择性和可开发性优化 | EVA闭环平台；以多目标贝叶斯优化搜索亲和力、价态、拓扑、间距及可开发性，强调肿瘤/正常组织选择窗 | 起始binder、构型空间、细胞功能与可开发性实验数据 | 最终格式多特异性抗体、TCE候选及Pareto最优设计 | **自建自动化闭环**；单轮约2,300个构建、哺乳动物表达/纯化、细胞功能和可开发性检测 | 有；LGTX-101（Nectin-4×CD3 TCE） | 临床前Lead；未检出IND/临床注册 | 联合发现/优化、选择权与许可、自研管线 | Ablynx/Sanofi，2021-07-15启动，2023-09-18披露正向结果；2025-12-04第二次合作、多个新靶点 | B级同行评议论文：[mAbs, 2025-12-07；PMID 41355167](https://pubmed.ncbi.nlm.nih.gov/41355167/)；C级官网：[技术](https://labgeniustx.com/technology/)、[管线](https://labgeniustx.com/pipeline/)、[Sanofi结果](https://labgeniustx.com/labgenius-research-collaboration-with-sanofi-yields-positive-results/)、[第二次Sanofi合作](https://labgeniustx.com/sanofi/) | **值得深挖**：有论文级闭环实验和重复合作；资产仍临床前，需核实毒理、CMC与候选物提名状态 |
2.2_抗体亲和力_特异性_可开发性优化	| Absci Corporation | 美国 | AI大分子生物药 | 从头抗体设计兼亲和力/免疫原性/药理与可开发性多参数优化 | Integrated Drug Creation/Origin-1 + AI lead optimization；lab-in-a-loop筛选表位特异性、亲和力、功能、表达和可开发性 | 靶点/表位、抗体框架、TPP、规模化自有湿实验数据 | 新抗体序列、优化候选物、临床前/临床资产 | **自建**约77,000平方英尺干湿实验设施；高通量功能验证；临床试验依赖第三方 | 有：ABS-101、ABS-201及多项临床前项目 | **Phase 1/2a**（ABS-201）；ABS-101于2025-05启动I期，2026-03披露转为寻求合作方而不自行推进后期 | 平台合作、里程碑/特许权、自研管线及对外许可 | AstraZeneca，2023-11披露AI生物药发现合作（条款以公司公告为主，合作方一手页本轮未检出） | A级财务/公司申报：[Absci 2025 Form 10-K，2026-03-24提交](https://www.sec.gov/Archives/edgar/data/1672688/000167268826000068/absi-20251231.htm)；A级临床注册：[ABS-201 NCT07317544](https://clinicaltrials.gov/study/NCT07317544)；C级公司页（访问受403）：[ABS-101](https://www.absci.com/abs-101-development/)、[管线](https://www.absci.com/our-pipeline/) | **值得深挖但列风险项**：已达临床；ABS-101被战略降级说明临床转化/资本配置不能由平台速度替代 |
2.2_抗体亲和力_特异性_可开发性优化	| AbCellera Biologics | 加拿大 | AI大分子生物药 | AI/计算+单细胞筛选驱动的抗体发现、工程、优化和可制造性选择 | Celium数据/计算系统与单细胞筛选、工程优化、转化、CMC、临床制造一体化；公司称AI/ML用于几乎所有项目但必须与实验耦合 | 免疫细胞/抗体库、靶点、单细胞表型、功能和生物物理数据 | 高质量抗体、优化候选物、IND/临床资产 | **自建全链条**；高通量筛选、工程、临床前、130,000平方英尺临床制造设施 | 有：ABCL635、ABCL575、ABCL688、ABCL386等 | Phase 1/2；ABCL635已进入临床，2026-02公司10-K称处于Phase 1/2 | 平台合作+下游分成、共同开发、自研管线 | Lilly，2024-07-31扩大为多靶点多年合作；2020年新冠抗体合作另有历史验证 | A级财务：[AbCellera 2025 Form 10-K，2026-02-24提交](https://www.sec.gov/Archives/edgar/data/1703057/000170305726000012/abcl-20251231.htm)；A级临床注册：[NCT07118891](https://clinicaltrials.gov/study/NCT07118891)；C级官网：[平台](https://www.abcellera.com/platform)、[管线](https://www.abcellera.com/pipeline)、[ABCL635](https://www.abcellera.com/pipeline/abcl635) | **值得深挖**：临床、制造和重复合作最成熟；但其优势不只AI，需拆分AI对候选质量的边际贡献 |
2.2_抗体亲和力_特异性_可开发性优化	| 华深智药 / Earendil Labs（含关联公司Helixon Therapeutics） | 中国/美国 | AI大分子生物药 | 抗体/双抗生成、亲和力与多属性优化、半衰期/高浓度制剂优化 | AI贯穿生物药全生命周期；从序列/结构与实验数据生成并优化单抗、双抗及其他蛋白生物药 | 靶点、抗体/蛋白序列与结构、功能和可开发性实验数据 | 优化单抗/双抗、临床候选和合作资产 | 公司自述具备跨AI、实验、转化与临床团队；具体自动化设备和负数据规模**未披露** | 有：HXN-1001、HXN-1002、HXN-1003及40余项目（项目数为公司自述） | **Phase IIa**：2026-04-02公司披露HXN-1001首例IIa给药；未在ClinicalTrials.gov检出对应NCT，澳洲/中国注册号待核 | 自研管线+全球许可+多项目发现合作 | Sanofi，2025-04许可HXN-1002/1003；Sanofi 20-F确认$125m首付款、最高$1.7bn里程碑及分级销售提成 | A级合作方财务：[Sanofi 2025 Form 20-F，2026-02-17提交](https://www.sec.gov/Archives/edgar/data/1121404/000162828026008403/sny-20251231.htm)；C级公司新闻稿：[HXN-1001 IIa首例，2026-04-02](https://www.prnewswire.com/news-releases/earendil-labs-announces-first-patient-dosed-in-a-phase-iia-trial-of-a-half-life-extended-anti-tl1a-antibody-hxn-1001-in-patients-with-ulcerative-colitis-302732675.html)、[2026融资/平台与管线](https://www.prnewswire.com/news-releases/earendil-labs-announces-787-million-in-financing-to-scale-ai-driven-biologics-discovery-and-development-302719748.html) | **优先深挖**：国内团队中资产与BD验证最强；需补临床注册、方案、入组中心及AI实际贡献边界 |
2.2_抗体亲和力_特异性_可开发性优化	| 百图生科（BioMap） | 中国 | AI大分子生物药 | 抗体稳定性、低免疫原性、结构与分子设计；大分子专属模型 | xTrimo生命科学基础模型/抗体结构与设计模型；与药企联合构建专属模型及AI智能实验室 | 抗体/蛋白序列与结构、公开/合作方研发及实验数据 | 抗体结构、优化设计建议、高稳定性/低免疫原性候选分子 | 自有湿实验规模**未清晰披露**；2025合作中由科兴提供细胞株、成药性评价、工艺和规模化生产 | 未检出本模块命名自研抗体资产 | 发现/临床前导向；未检出PCC/IND/临床命名资产 | 模型/平台服务、联合研发、专属模型和实验室共建 | 科兴制药，2025-03-21签约、2025-03-24披露，覆盖肿瘤/自免大分子全流程 | A级合作方公告：[科兴制药，2025-03-24](https://www.kexing.com/news/407.html)；B级论文/会议：[xTrimoDock bioRxiv，2023-02-06](https://www.biorxiv.org/content/10.1101/2023.02.06.527251v1)、[NeurIPS 2023](https://proceedings.neurips.cc/paper_files/paper/2023/hash/77fa0e7d45c6687f1958de0b31e9fc05-Abstract-Conference.html)；C级官网：[解决方案](https://www.biomap.com/solution) | **持续跟踪**：国内发现价值明确且有合作方确认；湿实验闭环、命名资产和项目级实验数据不足 |
2.3_抗体_蛋白_酶_多肽从头生成	| Generate:Biomedicines | 美国 | AI 大分子生物药 | 抗体/蛋白/多肽从头生成及优化 | Chroma 等生成模型；按序列—结构—功能约束生成蛋白，并用高通量实验闭环优化；需区分“全新骨架生成”与临床资产 GB-0895 的既有抗体优化 | 公共及专有蛋白序列、结构、功能、靶点/表位、实验数据 | 抗体、蛋白、多肽、酶及候选药物 | 自建；官网披露 14 万平方英尺设施及 42,000 个“generated, built and tested”蛋白（截至 2026-06 官网，公司自述） | 有 | Phase III：GB-0895；NCT07276724、NCT07359846 均显示 Recruiting | 自研管线 + 联合发现/里程碑/授权 | Amgen，2022-01-06：首批 5 个项目，$50m upfront，潜在总值 $1.9bn，另可提名 5 个项目 | A：[ClinicalTrials.gov NCT07276724](https://clinicaltrials.gov/study/NCT07276724)、[NCT07359846](https://clinicaltrials.gov/study/NCT07359846)；A（合作方）：[Amgen 公告](https://www.amgen.com/newsroom/press-releases/2022/01/amgen-and-generate-biomedicines-announce-multitarget-multimodality-research-collaboration-agreement)；B：[Chroma bioRxiv](https://www.biorxiv.org/content/10.1101/2022.12.01.518682v1)；B：[US12110324B2](https://patents.google.com/patent/US12110324B2/en)；C：[Phase III 公司公告](https://www.generatebiomedicines.com/media-center/generatebiomedicines-to-initiate-global-phase-3-studies-of-gb-0895-a-long-acting-anti-tslp-antibody-for-severe-asthma-engineered-with-ai) | 值得深挖；本组资产成熟度最高，但 GB-0895 是 AI 优化抗体而非已独立证明的“全新骨架从头抗体”，需避免口径外推 |
2.3_抗体_蛋白_酶_多肽从头生成	| Absci Corporation | 美国 | AI 大分子生物药 | 从头抗体设计、多参数优化 | 零样本/生成式抗体设计、表位控制、可开发性优化；AI 与湿实验 6 周迭代周期 | 靶点/表位、抗体序列和结构、表达/结合/可开发性数据 | 抗体候选、细胞系、合作项目 | 自建 AI—湿实验闭环（公司官网及 SEC 披露） | 有 | Phase I/IIa：ABS-201，NCT07317544 Recruiting；ABS-101 已完成/进行 Phase I 后寻求合作方 | 自研管线 + 药企 drug-creation 合作 + 许可/里程碑 | AstraZeneca、Merck、Almirall（2025 10-K 列名；项目经济条款应在第二阶段逐项以原始合同复核） | A：[2025 10-K，2026-03-24 提交](https://www.sec.gov/Archives/edgar/data/1672688/000167268826000068/absi-20251231.htm)；A：[ClinicalTrials.gov NCT07317544](https://clinicaltrials.gov/study/NCT07317544)；C：[de novo design](https://www.absci.com/de-novo-design/)、[pipeline](https://www.absci.com/our-pipeline/)、[partnerships](https://www.absci.com/partnerships/) | 值得深挖；已有临床资产和大药企合作，但 ABS-101 2025 年后被主动降级为寻求合作，是平台转资产执行风险的直接样本 |
2.3_抗体_蛋白_酶_多肽从头生成	| Nabla Bio | 美国 | AI 大分子生物药 | 从头抗体/VHH、难靶点 binder、多特异性 | JAM 多模态原子级生成模型；test-time scaling/introspection；针对 GPCR、离子通道等难靶点做表位精准设计 | 靶点/表位、公共蛋白序列结构、内部哺乳动物表达/细胞/体内数据 | VHH/抗体、多特异性及许可候选 | 自建；公司称每轮在哺乳动物系统表达数千设计，并测结合、可开发性、细胞及体内功能 | 有“growing portfolio”，未披露命名资产 | 实验验证/未披露临床资产 | 平台合作 + 分子许可 | Takeda：2025-10-14 披露扩大 AI 药物设计合作；条款未从合作方一手公告获取 | B：[2025-05-30 bioRxiv GPCR 抗体论文](https://www.biorxiv.org/content/10.1101/2025.05.28.656709v1)；C：[平台](https://www.nabla.bio/platform)、[合作页](https://www.nabla.bio/partner)；D：[Reuters 合作报道链接](https://www.reuters.com/business/healthcare-pharmaceuticals/us-biotech-nabla-bio-japans-takeda-expand-ai-drug-design-partnership-2025-10-14/) | 值得技术深挖；实验命中率和 GPCR 功能数据强，但尚未见 IND/临床及完整交易经济学 |
2.3_抗体_蛋白_酶_多肽从头生成	| AI Proteins | 美国 | AI 大分子生物药 | 从头迷你蛋白药物 | 生成式 AI 从头设计 miniprotein；自动化 make-test；AWESSM AI 定向突变回流实验数据 | 靶点、结构/序列约束、稳定性/亲和力/药理和实验数据 | 新骨架 miniprotein、受体拮抗剂、放射配体载体 | 自建自动化闭环；公司披露结构、生物物理、功能实验及多个体内 PoC | 有；TNFR1 及肿瘤项目 | 临床前/体内 PoC；未披露 IND | 自研管线 + 联合发现 + option/license | Bristol Myers Squibb，2024-12-03：2 个初始未披露靶点、另 2 个 option；upfront 未披露，潜在里程碑最高 $400m + royalties | C：[平台](https://www.aiproteins.com/platform)、[管线](https://www.aiproteins.com/pipeline)、[BMS 合作公告](https://www.aiproteins.com/media/ai-proteins-announces-research-collaboration-and-option-agreement-with-bristol-myers-squibb-for-miniprotein-based-therapeutics-valued-up-to-400m) | 值得跟踪；模态差异化和 BMS 验证明确，但资产仍早期且关键体内数据主要为公司自述 |
2.3_抗体_蛋白_酶_多肽从头生成	| 百图生科 BioMap | 中国（北京/全球化运营） | AI 大分子生物药 | 蛋白/抗体从头设计及多参数优化 | xTrimo V4 生命科学基础模型 + BioMap OS；预测设计—实验控制—模型训练闭环 | DNA/RNA/蛋白/细胞/化学数据、客户专有数据、高通量实验数据 | 表位可控抗体/蛋白候选、模型模块、PoC | 公司称有高通量闭环智能实验系统；60+ PoC、800+机构用户（截至 2026-03 官网，自述，未逐项外部核验） | 未披露命名自研药物管线 | PoC/实验验证；未检出 IND/临床资产 | 模型/系统许可 + 发现服务 + 药企联合开发 | Sanofi，2023-10-10：$10m upfront，模型开发款，潜在总额 >$1bn 的研发/销售里程碑 | C：[官网/平台](https://www.biomap.com/)；C：[BioMap—Sanofi 公告](https://www.businesswire.com/news/home/20231010485897/en/BioMap-Establishes-a-Strategic-Collaboration-with-Sanofi-to-Co-Develop-AI-Modules-to-Accelerate-Drug-Discovery-for-Biotherapeutics) | 值得跟踪；商业验证强，但当前公开证据更接近“基础模型/联合发现平台”，命名药物资产和合作项目推进程度不透明 |
2.3_抗体_蛋白_酶_多肽从头生成	| 分子之心 MoleculeMind | 中国（北京/上海） | AI 大分子生物药 | 抗体、酶、多肽、迷你蛋白从头生成 | NewOrigin 多模态蛋白模型 + MoleculeOS；SurfFlow 表面生成；检索增强零样本酶生成 | 序列、结构、表面、底物/功能约束、实验数据 | 抗体、酶、多肽、迷你蛋白及优化序列 | 招聘信息显示蛋白纯化、HPLC/MS、酶测定、实验自动化岗位；规模和闭环产能未披露 | 未披露命名药物管线 | 方法/实验验证；未检出 PCC/IND/临床 | 平台合作/联合设计，兼有工业蛋白业务 | 凯赛生物 Cathay Biotech，2024-09-27 披露 AI 生物制造合作；药物合作方未具名 | B：[单序列结构预测论文，PMID 38507445](https://pubmed.ncbi.nlm.nih.gov/38507445/)、[inverse folding/side-chain packing，PMID 37253017](https://pubmed.ncbi.nlm.nih.gov/37253017/)；C：[MoleculeMind 官网](https://moleculemind.com/)、[合作页](https://moleculemind.com/partners)；D：[2024-09 融资/公司介绍](https://www.36kr.com/p/2947151117343366)；微信公众号：[SurfFlow](https://mp.weixin.qq.com/s/pX4n1RncNKGV4z9odE-SSg)、[酶生成 ICML 2025](https://mp.weixin.qq.com/s/wNU0P_PsyxL7Zup7gbTPNg) | 持续跟踪；技术覆盖面宽，但药物管线、合作方和实验转化数据披露不足，且工业蛋白收入与创新药价值需拆分 |
2.3_抗体_蛋白_酶_多肽从头生成	| Earendil Labs / Helixon Therapeutics（华深智药关联） | 美国注册/中国研发关联（跨境） | AI 大分子生物药 | AI 抗体、双抗/多抗、ADC/TCE/融合蛋白设计 | 基础蛋白 AI + 抗原抗体结构/表位/属性预测 + 高通量生物平台；公开临床资产多为优化/多特异性设计，是否“完全从头生成”需逐资产核实 | 序列、结构、interaction、靶点信息、生物物理/功能与高通量实验数据 | 单抗、双抗/三抗、ADC、TCE、融合蛋白候选 | 自建高通量筛选/分析与实验闭环（官网）；关联公司 Helixon Biotechnology (Suzhou) 为注册试验申办方 | 有，40+ programs（2026-03 公司自述） | Phase IIa：HXN-1001 于 2026-04-02 宣布 UC 首例给药；Phase I：HXN-1011 于 2026-05-18 宣布首队列给药；注册独立核查仍不完整 | 自研管线 + 全球授权 + 联合发现 | Sanofi，2025-04-17：HXN-1002/1003 全球权益；$125m upfront + $50m 近期款 + 最高 $1.72bn 里程碑 + 分级 royalties | C：[官网管线](https://www.earendil.bio/pipeline/)、[2026-03 融资与管线公告](https://www.prnewswire.com/news-releases/earendil-labs-announces-787-million-in-financing-to-scale-ai-driven-biologics-discovery-and-development-302719748.html)、[2026-04 HXN-1001 Phase IIa](https://www.prnewswire.com/news-releases/earendil-labs-announces-first-patient-dosed-in-a-phase-iia-trial-of-a-half-life-extended-anti-tl1a-antibody-hxn-1001-in-patients-with-ulcerative-colitis-302732675.html)；A：[NCT07449741（Helixon Suzhou 申办，HXN6005）](https://clinicaltrials.gov/study/NCT07449741)；A/C：[Cooley 对 Sanofi 协议条款的披露](https://www.cooley.com/news/coverage/2025/2025-04-17-earendil-labs-announces-worldwide-exclusive-license-agreement-with-sanofi) | 值得深挖；国内/跨境组商业与资产验证最强。需重点核实公司边界、Helixon—Earendil 权属、每个资产的 AI 贡献以及注册号 |
2.4_多目标大分子优化	| BigHat Biosciences | 美国 | AI 大分子生物药 | 多目标抗体设计/优化 | Milliner：设计蓝图→ML 生成变体→周级合成/纯化→生物物理及细胞功能表征→DBTL 迭代；同时优化效力与可开发性 | 靶点/种子抗体、序列/结构、功能与生物物理实验数据、目标属性 | 优化抗体序列、开发候选物 | **有**；公司披露总部可在单个每周 workcell 合成、纯化并表征数百个重组抗体（公司自述） | BHB810（ADC）、BHB299（TCE）及未披露项目 | 发现/临床前；未检出 IND/临床登记 | 自研管线 + 联合发现/研发 + 里程碑/许可 | **AbbVie，2023-12-05**：肿瘤和神经科学多靶点抗体；$30m upfront、约 $325m 研发里程碑，另有商业里程碑与分级销售提成 | C 公司官网：[技术](https://www.bighatbio.com/technology)、[管线](https://www.bighatbio.com/therapeutics)（访问 2026-06-23）；A 合作方公告：[AbbVie](https://news.abbvie.com/2023-12-05-AbbVie-and-BigHat-Biosciences-Announce-Research-Collaboration-to-Leverage-Artificial-Intelligence-and-Machine-Learning-to-Discover-Next-Generation-Therapeutic-Antibodies)（2023-12-05） | **高相关**：多目标优化定义、湿实验闭环、BD 均强；自有资产仍为早期，尚无临床验证 |
2.4_多目标大分子优化	| LabGenius Therapeutics | 英国 | AI 大分子生物药 | 多参数抗体/多特异性优化 | EVA：多目标贝叶斯优化 + 自动化高通量功能/可开发性实验；设计—构建—测试—学习闭环探索多价性、拓扑、亲和力、间距等组合空间 | 抗体/纳米抗体序列、模块、功能与可开发性实验数据、细胞密度/选择性目标 | 优化 VHH、TCE、ADC、三特异性候选 | **有**；自动化细胞功能筛选与可开发性实验；已有同行评议湿实验结果 | LGTX-101（Nectin-4×CD3 TCE）、ADC、三特异 TCE | **IND-enabling**（LGTX-101，公司披露）；尚未检出临床注册 | 自研管线 + 联合研发 + option/license | **Sanofi，2021 启动、2023-09-18 披露结果，2025-12-04 新合作**；**LG Chem，2026-06-18** option/license | C 公司官网：[技术](https://labgeniustx.com/technology/)、[管线](https://labgeniustx.com/pipeline/)（访问 2026-06-23）；B 同行评议论文：[Grace et al., mAbs, 2025](https://doi.org/10.1080/19420862.2025.2598093)；C 公司合作结果：[Sanofi 项目](https://labgeniustx.com/labgenius-research-collaboration-with-sanofi-yields-positive-results/)（2023-09-18）；B 专利：[WO2020225576A1](https://patents.google.com/patent/WO2020225576A1/en) | **高相关**：实验与算法证据最完整；LGTX-101 已到 IND-enabling，但阶段来自公司自述，尚无监管/注册交叉验证 |
2.4_多目标大分子优化	| Absci | 美国 | AI 大分子生物药 | 从头抗体设计与多参数先导优化 | 生成式 AI + lab-in-the-loop 实验数据引擎 + 表达/细胞株能力；用于同时优化多项与开发及治疗获益有关的特征 | 靶点、序列/结构、实验数据、药理与可开发性目标 | 自研/合作抗体候选、表达细胞株 | **有**；SEC 披露平台整合生成式 AI 与实验闭环 | ABS-201、ABS-101、ABS-301、ABS-501 等 | **I/IIa 期**：ABS-201，NCT07317544；ABS-101 已启动 I 期但被战略降级 | 自研管线 + drug-creation 合作 + 后续许可/里程碑/提成 | **AstraZeneca，2023-11**：1 个肿瘤项目（截至 2023-12-31 列为 active program；经济条款未由 SEC 文件确认） | A SEC：[2025 Form 10-K](https://www.sec.gov/Archives/edgar/data/1672688/000167268826000068/absi-20251231.htm)（披露 2026-03-24）、[2023 Form 10-K](https://www.sec.gov/Archives/edgar/data/1672688/000162828024012366/absi-20231231.htm)（披露 2024-03-21）；A 注册：[NCT07317544](https://clinicaltrials.gov/study/NCT07317544)（首次登记 2026-03-17） | **高相关且资产最强**：已有人体试验；但 ABS-101 降级与尚未获得下游里程碑/提成暴露平台商业转化风险 |
2.4_多目标大分子优化	| 百图生科（BioMap） | 中国 | AI 大分子生物药 | 蛋白/抗体多属性设计与优化 | BioMap OS/xTrimo：蛋白基础模型 + 数据驱动从头设计/多目标优化 + AI/实验闭环 | 蛋白序列、结构、组学/实验数据、目标属性 | 抗体/蛋白候选、发现模块与企业解决方案 | **公司自述有实验闭环**；自营湿实验规模及外包边界未检出独立证据 | 未检出公开命名自研临床资产；公司称参与 40+ 抗体/蛋白项目 | 临床前/未披露 | 系统许可 + 系统化发现服务 + AI-native biotech 孵化 | **Sanofi，2023-10-10**：共同开发用于生物治疗药物发现的 AI 模块；财务条款未披露 | C 公司官网：[BioMap OS/产品与解决方案](https://www.biomap.com/)（访问 2026-06-23；官网称 integrated AI and experimental closed loop、40+ 项目）；C 公司供稿/行业媒体：[BioSpace](https://www.biospace.com/biomap-establishes-a-strategic-collaboration-with-sanofi-to-co-develop-ai-modules-to-accelerate-drug-discovery-for-biotherapeutics)（2023-10-10） | **中高相关、宽进**：技术口径吻合且有 MNC 合作；资产权属、湿实验自营比例和定量可开发性结果仍需 DD |
2.4_多目标大分子优化	| 晶泰科技 / Ailux Biologics（XtalPi） | 中国（深圳；2228.HK） | AI 大分子生物药 | 抗体结构、生成与多属性/可开发性优化 | XtalFold 结构建模 + XenProT 生成式蛋白模型 + Xentient 大分子性质预测 + 湿实验；支持亲和力成熟、pH 敏感性、双抗、工程化与可开发性评估 | 靶点、抗体/抗原序列与结构、实验数据 | 结构模型、优化抗体及合作方候选 | **有（公司自述）**；约 100 人团队及大分子实验室，AI 与湿实验同址协作 | 未检出公开命名自研大分子临床资产；以合作项目为主 | 合作项目发现/临床前；自研阶段未披露 | 平台授权 + 发现服务/联合研发 | **Janssen Biotech，2024-10-10**；**UCB，2025-01-09**：均为 XtalFold 大分子发现/工程化平台商业授权，条款未披露 | C 公司官网：[Ailux 品牌/湿实验](https://www.xtalpi.com/news-109/)（2024-02-02）、[Janssen](https://www.xtalpi.com/%e6%99%b6%e6%b3%b0%e7%a7%91%e6%8a%80%e4%b8%8ejanssen-biotech%e7%ad%be%e7%bd%b2%e5%a4%a7%e5%88%86%e5%ad%90%e8%8d%af%e7%89%a9%e5%8f%91%e7%8e%b0ai%e5%b9%b3%e5%8f%b0%e6%8e%88%e6%9d%83%e5%8d%8f%e8%ae%ae/)（2024-10-10）、[UCB](https://www.xtalpi.com/%e6%99%b6%e6%b3%b0%e7%a7%91%e6%8a%80%e4%b8%8e%e4%bc%98%e6%97%b6%e6%af%94%e7%ad%be%e7%bd%b2%e5%a4%a7%e5%88%86%e5%ad%90%e8%8d%af%e7%89%a9%e5%8f%91%e7%8e%b0%e5%b9%b3%e5%8f%b0%e6%8e%88%e6%9d%83%e5%8d%8f/)（2025-01-09） | **中高相关、宽进**：平台和药企采用证据较强；两项代表合作主要验证结构软件授权，不等同于端到端候选药成功 |
4.1_多组学和疾病机制整合	| Verge Labs（原 Verge Genomics） | 美国 | 数字生物模型 | CNS 多组学整合、疾病机制与患者分层 | VergeDB 人脑组织多模态数据 → 基础模型/CONVERGE → 靶点、标志物、患者分层 | 12,000+ 脑组织的基因组、蛋白组、单核测序、临床表型及 VRG50635 临床数据（公司自述） | 靶点、作用机制、标志物、试验入组策略 | 历史自建/合作验证；当前转为向行业开放平台，实验边界待核 | 历史有；当前唯一临床候选已终止，重心转平台/合作 | 历史 Phase 1/1b；VRG50635 ALS 试验已终止 | 平台合作、联合靶点发现、临床试验优化 | Eli Lilly–Verge：公司当前页面称最高总值 $706m、$25m upfront+near-term；2024-11-20 披露 Lilly 已提名 2 个 ALS 靶点 | **A监管**：[NCT06215755](https://clinicaltrials.gov/study/NCT06215755)；**C官网**：[平台数据](https://vergelabs.com/platform/)、[合作页](https://vergelabs.com/partnerships/)、[公司转型说明](https://vergelabs.com/company/) | **值得深挖但风险高**：数据壁垒和药企验证强；临床候选因风险收益数据不足终止，2026 年已明显转向平台模式 |
4.1_多组学和疾病机制整合	| BenevolentAI | 英国 | 数字生物模型 | 生物医学知识图谱、多源数据融合、疾病机制/靶点发现 | 知识图谱 + 图推断/张量分解 + 生物学验证 → 靶点与候选药 | 文献、基因/疾病关系、组学及内部实验数据 | 疾病基因关系、靶点、候选药、合作方靶点 | 曾有自建实验能力；2023 年披露缩减实验室并采用战略外包 | 有，但已收缩/聚焦 | BEN-8744 Phase 1a 完成；BEN-2293 历史 Phase 2a 后停止投入 | 平台产品、药企合作、里程碑/特许权使用费、自研资产 | AstraZeneca 扩展合作：页面头部披露日 2022-01-13、正文日期写 2021-01-13（源内矛盾）；含 upfront、研发经费、里程碑及分级销售提成，金额未披露 | **A监管**：[NCT06118385](https://clinicaltrials.gov/study/NCT06118385)；**B论文**：[Rosalind/Scientific Reports](https://doi.org/10.1038/s41598-020-74922-z)；**C官网**：[AZ 合作扩展](https://www.benevolent.com/news-and-media/press-releases-and-in-media/benevolentai-announces-3-year-collaboration-expansion-astrazeneca-focused-systemic-lupus-erythematosus-and-heart-failure/) | **持续跟踪**：技术和合作已有验证，但连续管线挫折、裁员/重组、实验能力外包化削弱“数据—实验闭环” |
4.1_多组学和疾病机制整合	| Owkin | 法国/美国 | 数字生物模型 | 多模态患者数据、空间多组学、因果 AI、联邦学习 | 患者数据网络 + 生物学模型/K Pro → 靶点、标志物、药物定位与临床开发决策 | 病理图像、空间/单细胞多组学、基因组、临床结局 | 靶点、患者亚群、标志物、药物定位、诊断及试验策略 | 以医院/合作网络和“lab-in-the-loop”为主；是否大规模自建湿实验未披露 | 有；部分资产为引进/affiliate 持有 | OKN4395 Phase 1 招募中（引进资产；不能当作多组学平台原创药物验证） | 平台/数据合作、药企联合研发、投资+合作、自研/引进管线 | Sanofi–Owkin：2021-11-18 Sanofi 投资 $180m，并宣布多年期 4 项肿瘤合作 | **A监管**：[NCT06789172](https://clinicaltrials.gov/study/NCT06789172)；**C官网**：[发现路径](https://www.owkin.com/drug-discovery-approach)、[管线](https://www.owkin.com/pipeline/pipeline)、[Sanofi 合作](https://www.owkin.com/newsfeed/owkin-becomes-unicorn-with-180m-investment-from-sanofi-and-four-new-collaborative-projects)；**预印本**：[MOSAIC](https://doi.org/10.1101/2025.05.15.654189) | **值得深挖**：患者数据网络和空间多组学强；需拆分诊断/临床工具收入与真正药物资产价值，并核验 OKN4395 的 AI/组学贡献 |
4.1_多组学和疾病机制整合	| Relation Therapeutics | 英国 | 数字生物模型 | 患者组织单细胞/空间多组学、扰动组学、因果机制 | Osteomics 患者骨组织图谱 → ML 靶点发现 → 扰动组学与转化细胞/临床前模型验证 | 患者遗传、单细胞、空间组学、成像、蛋白组、临床表型 | 因果靶点、疾病机制、骨病/免疫/代谢项目 | **自建特征较强**：公司称进行扰动实验、转化细胞与临床前模型、高性能实验 | 有早研项目；未披露明确资产编号 | Discovery/早期临床前；未检出 PCC/IND | 自研管线 + 药企合作/新公司孵化 | GSK–Relation：2024-12-10 公司转载 The Times 称交易总值 $300m；未找到 GSK 一手公告或经济条款拆分 | **C官网**：[科学平台](https://www.relationrx.com/science)、[管线](https://www.relationrx.com/pipeline)、[GSK 交易转载](https://www.relationrx.com/news/gsk-puts-its-faith-in-london-biotech-firm-with-300m-deal) | **值得深挖**：本组中“患者组织—扰动实验—模型”闭环最清晰之一；资产阶段与合作回款仍需二阶段核实 |
4.1_多组学和疾病机制整合	| 英矽智能（Insilico Medicine） | 中国香港/中国内地 | 数字生物模型 | 多组学靶点发现、知识图谱、生成化学联动 | PandaOmics 多组学/文本/知识图谱识别靶点 → Chemistry42 生成与优化 → 临床开发 | 公开与专有组学、文献、疾病/靶点网络、化学与实验数据 | 靶点、标志物、候选小分子 | 有实验及临床开发组织；具体多组学湿实验自动化边界未完全披露 | 有，多条临床资产 | rentosertib/INS018_055 已有随机 Phase 2a 论文；ClinicalTrials.gov 另有多条 Phase 1/2 | 平台授权/合作、联合发现、里程碑、自研管线与 license-out | ASKA–英矽智能：2026-03-23 公司公告称扩大女性健康新靶点合作；经济条款未检出 | **A监管**：[ClinicalTrials.gov 公司检索](https://clinicaltrials.gov/search?term=%22Insilico%20Medicine%22)；**B论文**：[PandaOmics](https://doi.org/10.1021/acs.jcim.3c01619)、[TNIK 临床前/临床模型](https://doi.org/10.1038/s41587-024-02143-0)、[随机 Phase 2a](https://doi.org/10.1038/s41591-025-03743-2) | **重点深挖**：实现“多组学靶点—分子—临床”最强资产验证；需逐项目拆清 AI 实际贡献和合作经济条款 |
4.1_多组学和疾病机制整合	| 百图生科（BioMap） | 中国北京 | 数字生物模型 | 生命科学基础模型、多模态/多组学整合、干湿闭环 | xTrimo（DNA/RNA/蛋白/细胞）+ BioMap OS 的知识助手、预测设计、智能实验、数据/训练模块 | 序列、结构、相互作用、实验读数、异构多组学、知识图谱 | 靶点/机制假设、蛋白/抗体设计、实验工作流 | 公司官网称 BioMap OS 是“dry-wet closed-loop”，含自动实验生成和高通量反馈；独立验证有限 | 当前官网未披露可核验的自研药物管线 | 20+ PoC 为公司自述；未检出 PCC/IND/临床注册 | 平台/联合研发、AI 模块共建、PoC | Sanofi–BioMap：2023-10-10 Business Wire 披露共建生物药发现 AI 模块；行业媒体称 $10m upfront，合作方一手页未获取 | **C/E官网**：[BioMap](https://www.biomap.com/)（动态页面；技术文本来自其前端公开内容）；**D媒体发现**：[Google News RSS 查询](https://news.google.com/rss/search?q=BioMap%20Sanofi%20partnership&hl=en-US&gl=US&ceid=US%3Aen)；**E微信发现**：搜狗微信检索结果，正文受反爬 | **持续跟踪**：国内多模态基础模型与干湿闭环代表；缺少可核验自研资产、论文/专利与合作后续里程碑 |
4.2_药物再定位	| BioXcel Therapeutics | 美国 | 数字生物模型 / AI 药物再定位 | 已批准/晚期药物新适应症、神经精神疾病 | NovareAI / AI-based drug re-innovation；从已批准产品或已有人体安全性数据的晚期候选物中寻找新适应症 | 已批准药物、已有人体安全性化合物、文献、神经环路/疾病数据、临床数据 | IGALMI（dexmedetomidine 舌下膜）及 BXCL501 扩展适应症 | 有临床开发能力；官网列出 Columbia、Yale、UNC 合作者；非纯软件 | 是 | FDA 批准上市（IGALMI，NDA 215390）；BXCL501 多项临床 | 平台 + 自研管线 + 产品商业化 | 官网管线页列 Columbia University、Yale University Medical School、UNC Chapel Hill 为 BXCL501 合作者（披露页访问 2026-06-23） | C 公司官网：[AI-based Drug Re-innovation](https://www.bioxceltherapeutics.com/ai-based-drug-re-innovation/)；C 公司官网：[Pipeline](https://www.bioxceltherapeutics.com/our-pipeline/)；A 监管：[FDA Drugs@FDA NDA 215390](https://www.accessdata.fda.gov/scripts/cder/daf/index.cfm?event=overview.process&ApplNo=215390)；A 临床注册：[NCT04268303](https://clinicaltrials.gov/study/NCT04268303)、[NCT05276830](https://clinicaltrials.gov/study/NCT05276830)；B 论文：[JAMA 2022 PMID 35191924](https://pubmed.ncbi.nlm.nih.gov/35191924/) | 核心候选。验证层级最高，但需区分“再创新/制剂+新适应症”与纯 AI 预测贡献；dementia agitation 项目有终止记录，需关注扩适应症风险。 |
4.2_药物再定位	| SOM Biotech | 西班牙 | 数字生物模型 / AI 药物再定位 | 罕见 CNS 疾病、已有人体测试小分子重定位 | SOMaiPRO®：基于分子场匹配，从已在人体验证/测试过的小分子库中寻找结构不相关类似物和新适应症 | 已在人类中测试过的小分子、分子场、疾病适应症信息 | SOM3355（Huntington’s disease chorea；tardive dyskinesia 拓展）、SOM1311、SOM0226 等 | 官网披露 Phase 2a/2b 临床结果；临床开发导向 | 是 | SOM3355 已完成两项 Phase 2；官网称准备进入 Phase 3 | 平台 + 自研管线 + 授权 | SOM0226 TTR Amyloidosis 已 out-license 给 Corino Therapeutics（官网管线页披露，未检出具体日期） | C 公司官网：[Technology](https://www.sombiotech.com/technology/)；C 公司官网：[Pipeline](https://www.sombiotech.com/pipeline/)；A 临床注册：[NCT03575676](https://clinicaltrials.gov/study/NCT03575676)、[NCT05475483](https://clinicaltrials.gov/study/NCT05475483)；B 论文：[BJCP 2023 PMID 36494329](https://pubmed.ncbi.nlm.nih.gov/36494329/)；B 论文：[Front Pharmacol 2026 PMID 42239508](https://pubmed.ncbi.nlm.nih.gov/42239508/) | 核心候选。药物再定位定义最贴合，临床阶段较高，并有授权案例；仍需补一手交易金额/协议条款。 |
4.2_药物再定位	| Lantern Pharma | 美国 | 数字生物模型 / AI 药物再定位 | 肿瘤 drug positioning & rescue、患者分层 | RADR®（Response Algorithm for Drug Positioning & Rescue）：多组学/转录组/药敏/临床数据 + ML，选择候选药物、组合策略与生物标志物 | 公共/私有肿瘤组学、转录组、药敏数据、临床数据、自有实验数据 | LP-300（never-smoker NSCLC）、LP-184、LP-284 等 | 官网称 RADR 集成 experimental biology；有临床试验 | 是 | LP-300 Phase 2 recruiting；LP-184/LP-284 亦有临床项目 | 平台 + 自研/引进资产开发 + 专利用途布局 | 未检出本模块明确药企授权；官网专利页显示 LP-300 多国用途专利申请 | C 公司官网：[RADR technology](https://www.lanternpharma.com/our-technology)；C 公司官网：[Clinical Trials](https://www.lanternpharma.com/clinical-trials)；A 临床注册：[NCT05456256](https://clinicaltrials.gov/study/NCT05456256)；B/C 用途专利：[Patent Portfolio - LP-300](https://www.lanternpharma.com/about/patent-portfolio) | 核心候选。定位/救援表述直接，资产进入 Phase 2；需继续核实 LP-300 历史来源、交易结构与真实临床胜率。 |
4.2_药物再定位	| Healx | 英国 | 数字生物模型 / AI 药物再定位 | 罕见病、知识图谱、组合再定位 | AI reasoning + knowledge graph，识别 disease-compound relationships；专家评审后进入 lab testing；单药/组合/增强分子 | 文献、疾病数据、商业/生化信息、遗传学、转录组、孤儿药信息、化合物-基因关联、体内/体外模型 | HLX-0201/HLX-0206（Fragile X Syndrome）、HLX-1502、HLX-0213 等 | 官网技术页披露 lab testing；临床注册显示 Healx 作为 sponsor | 是 | HLX-0201/HLX-0206 Fragile X Syndrome Phase 2 试验状态 withdrawn；官网 pipeline 仍列 HLX-0206 FXS | 平台 + 罕见病自研/合作开发 | 患者组织/rare disease community engagement，未在本轮检出明确授权交易 | C 公司官网：[Technology](https://healx.ai/technology/)；C 公司官网：[Pipeline](https://healx.ai/pipeline/)；A 临床注册：[NCT04823052](https://clinicaltrials.gov/study/NCT04823052)；B 论文：[Brain Communications 2024 PMID 38226317](https://pubmed.ncbi.nlm.nih.gov/38226317/)；B 论文：[Nat Commun 2024 PMID 38977662](https://pubmed.ncbi.nlm.nih.gov/38977662/) | 核心/观察候选。技术与再定位高度相关，但 HLX-0201/0206 Phase 2 withdrawn 是显著负面信号；需补试验撤回原因。 |
4.2_药物再定位	| 北京望石智慧科技有限公司（StoneWise） | 中国 | 数字生物模型 / AI 药物发现 | 生成式分子设计、干湿实验闭环；非本轮明确再定位主线 | 多模态 AI 3D 分子生成、参考分子片段固定、药效团引导、骨架跃迁、MD/结合自由能等 | 蛋白口袋、参考分子/片段、药效团、分子结构信息、计算化学与湿实验数据 | 小分子候选药物、分子生成与优化结果 | 官网披露 Wet Lab 数据分析；未检出具体再定位临床资产 | 是（官网有自研管线入口，但本轮未核实具体资产阶段） | 未检出与“药物再定位”直接对应的 IND/临床资产 | 平台 + 自研管线 + 药物设计服务/合作 | 未检出本模块明确合作/授权 | C 公司官网：[首页](https://www.stonewise.cn/)；C 公司官网：[Solutions](https://www.stonewise.cn/solutions) | 国内边界候选。满足 AI 药物发现与干湿闭环，但公开材料未证明“药物再定位”为核心能力；本模块仅作国内参照，不计入强相关样本。 |
4.3_靶点疾病药物关系建模	| 英矽智能 Insilico Medicine | 中国香港/美国/全球 | 数字生物模型 | 靶点-疾病-药物关系建模 + 生成式药物设计 | PandaOmics 靶点发现；Pharma.AI；多组学/文献/临床试验/专利证据整合；Chemistry42 分子生成 | 多组学、publications、clinical trials、专利、内部药物发现数据 | 靶点优先级、PCC/IND 候选、临床候选 | 有；公司披露内部候选与 IND/临床推进，部分体内外验证见论文/公告 | 有 | INS018_055：IPF Phase II 招募中；ISM3091：USP1 IND cleared 后授权 Exelixis | 自研管线 + 平台授权/合作 + 资产授权 | 2022-11-08 Sanofi 多靶点合作，最高 $1.2B；2023-09-12 Exelixis 全球独家授权 ISM3091 | A/B/C：Sanofi 合作公告 [GlobeNewswire](https://www.globenewswire.com/news-release/2022/11/08/2551039/31533/en/Insilico-Medicine-Signs-Strategic-Research-Collaboration-with-Sanofi-worth-up-to-1-2-Billion.html)；Exelixis 授权 [BusinessWire](https://www.businesswire.com/news/home/20230912041846/en/Exelixis-and-Insilico-Medicine-Enter-into-Exclusive-Global-License-Agreement-for-ISM3091-a-Potentially-Best-in-Class-USP1-Inhibitor)；Phase II 新闻 [EurekAlert](https://www.eurekalert.org/news-releases/993844)；NCT05975983 [ClinicalTrials.gov](https://clinicaltrials.gov/study/NCT05975983)；PandaOmics 产品页 [Pharma.AI](https://pharma.ai/pandaomics)；PandaOmics 论文 [PubMed](https://pubmed.ncbi.nlm.nih.gov/38404138/) | 本模块最强样本：同时具备靶点关系建模、PCC/IND/临床资产和大额 BD；需警惕公司自述“AI 全流程贡献”的可归因性。 |
4.3_靶点疾病药物关系建模	| Verge Labs / Verge Genomics | 美国 | 数字生物模型 | 人类 CNS 多组学/靶点-疾病关系建模 | CONVERGE / vBx；多模态患者脑组织数据 + AI/foundation model；靶点发现、转化相关性、临床患者分层 | 脑组织转录组、基因组、蛋白组、单核测序、临床注释、脑库样本 | CNS 靶点、转化生物标志物、患者分层、合作方项目去风险 | 有；VRG50635 临床与 GPNMB 药效标志物论文/提交 | 有/曾有；VRG50635、VRG201 等披露 | VRG50635：Phase 1 健康志愿者 completed；ALS Phase 1 terminated | 平台合作 + 自研/转型后平台优先 | Eli Lilly 合作最高 $706M、$25M upfront/near-term；2026-06-09 与 Tenacia CNS 管线平台合作 | A/B/C/D：平台页 [Verge](https://vergelabs.com/platform/)；合作页 [Verge](https://vergelabs.com/partnerships/)；Tenacia 合作 [Verge](https://vergelabs.com/resources/news/tenacia-cns-partnership/)；VRG50635 ALS NCT06215755 [ClinicalTrials.gov](https://clinicaltrials.gov/study/NCT06215755)；健康志愿者 NCT06286475 [ClinicalTrials.gov](https://clinicaltrials.gov/study/NCT06286475)；出版物页 [Verge](https://vergelabs.com/resources/publications/) | 强技术/数据壁垒样本，同时提供本模块关键负面：AI 靶点资产进入人体后仍可因风险收益不足终止；公司 2026 明显转向 platform-first/clinical-trial optimization。 |
4.3_靶点疾病药物关系建模	| CytoReason | 以色列/美国 | 数字生物模型 | 疾病模型/机制模型 | 免疫疾病 computational disease model；细胞-细胞/通路/治疗组比较；组合数据建模 | 公共/合作方多组学、单细胞、临床/试验数据、免疫细胞知识库 | 疾病机制图谱、药物组合/患者群体比较、组合优先级 | 未检出自研湿实验；主要依赖合作数据/平台输出 | 未检出自研管线 | 无自研临床资产检出 | SaaS/平台授权 + 药企数据/疾病模型合作 | 2022-09-20 Pfizer 扩展合作；2023-01-23 Sanofi 授权 IBD disease model；2026-01-09 Sanofi 扩展合作；2024-07-17 $80M 融资含 Pfizer/NVIDIA/Thermo Fisher | C/D：官网疾病模型说明 [CytoReason](https://www.cytoreason.com/)；press release 列表 [CytoReason](https://www.cytoreason.com/press-releases/)；论文列表 [CytoReason](https://www.cytoreason.com/scientific-publications/) | 商业验证强，但更像 pharma R&D 决策/疾病模型平台；因无自研资产，不应与管线型 AI biotech 同等比较。 |
4.3_靶点疾病药物关系建模	| BenevolentAI | 英国 | 数字生物模型 | 知识图谱/文献-生物医学关系推理 | AI/ML 文献、知识图谱与多模态生物医学推理，用于 CKD/IPF 等靶点发现 | 文献、知识库、组学、疾病/靶点/化合物关系 | 候选靶点、候选药物/项目 | 有过临床资产 BEN-2293；当前官网历史页抓取受阻 | 有过 | BEN-2293：AD Phase 1/2 completed（疗效结果原文待获取） | 平台合作 + 自研/授权历史；后续战略收缩需核验 | AstraZeneca 2019 CKD/IPF、2022 扩展合作页面定位到但抓取受阻，未作为核心硬证据 | A/C/D/E：BEN-2293 临床试验 NCT04737304 [ClinicalTrials.gov](https://clinicaltrials.gov/study/NCT04737304)；AstraZeneca 2019 合作方公告 URL 抓取 403 [AstraZeneca](https://www.astrazeneca.com/media-centre/press-releases/2019/astrazeneca-and-benevolentai-to-use-ai-and-machine-learning-for-discovery-of-new-treatments-for-chronic-kidney-disease-and-idiopathic-pulmonary-fibrosis-30042019.html)；2022 扩展公告 URL 抓取 429 [AstraZeneca](https://www.astrazeneca.com/media-centre/press-releases/2022/astrazeneca-and-benevolentai-expand-ai-collaboration.html) | 边际纳入：符合知识图谱靶点关系建模，但关键合作/负面原文多处受阻；需后续下载公告/年报核验战略转型和 BEN-2293 结果。 |
4.3_靶点疾病药物关系建模	| 百图生科 BioMap | 中国 | 数字生物模型 | 生命科学 foundation model / 生物知识聚合 | xTrimo V4；BioMap OS；knowledge aggregation、predictive design、experimental control、model training；干湿闭环 | DNA/RNA/蛋白/细胞/化学/多细胞/系统级生物数据，实验反馈 | 蛋白/抗体/RNA 设计、知识洞察、实验控制、模型训练 | 公司自述有高通量闭环智能实验系统 | 未检出自研药物管线 | 未检出 PCC/IND/临床资产 | 平台/系统授权 + discovery service + 生态合作 | 2025-07-18 与 Optoseeker 单细胞抗体发现合作；2025-08-15 与 JinXin 辅助生殖 AI agents 合作（均来自官网新闻列表） | C/D：官网技术/产品说明 [BioMap](https://www.biomap.com/)；新闻列表 [BioMap](https://www.biomap.com/news)；研究页 [BioMap](https://www.biomap.com/research) | 国内平台型候选。与“靶点-疾病-药物关系建模”有交集，但更偏 foundation model/设计系统；资产验证不足。 |
4.4_虚拟细胞和疾病模型	| Recursion Pharmaceuticals / Recursion | 美国 | 数字生物模型 / AI 药物发现 | 表型组学、细胞图谱、疾病模型 | Recursion OS 将高通量细胞成像、组学和机器学习结合，构建“Map of Biology”并推进小分子资产 | 细胞成像、转录组/组学、化合物扰动、疾病模型、临床/公开数据 | 靶点/疾病机制假设、候选分子、临床资产 | 自建自动化湿实验与高通量成像平台（公司自述） | 有 | 临床 Phase 1/2–Phase 2；部分试验终止 | 平台+自研管线+药企合作 | 2021 Roche/Genentech；2023 Bayer 更新；2022 Sanofi；2023 Merck KGaA 等 | C 公司官网 Pipeline：https://www.recursion.com/pipeline；C 公司官网 Partners：https://recursion.com/partners；A ClinicalTrials REC-4881 FAP 招募中：https://clinicaltrials.gov/study/NCT05552755；A ClinicalTrials REC-4881 AXIN/APC 肿瘤试验终止：https://clinicaltrials.gov/study/NCT06005974；A ClinicalTrials REC-3964 CDI 试验终止：https://clinicaltrials.gov/study/NCT06536465 | 本模块最强资产验证样本；也是失败/终止验证样本。合作规模大，但仍需后续用 SEC/合作方公告拆分 upfront、里程碑和真实现金。 |
4.4_虚拟细胞和疾病模型	| Cellarity | 美国 | 数字生物模型 / AI 药物发现 | 细胞状态纠偏、单细胞基础模型 | 用单细胞转录组、多组学和动态 AI 建模预测可将疾病细胞状态切回健康功能的化学干预 | 单细胞转录组、多组学、人源体外模型、化学结构/实验反馈 | 细胞状态纠偏小分子、疾病机制网络、候选 NCE | 公司自述“human in-vitro modeling / lab-in-the-loop” | 有 | 公司披露 CLY-124 已进入 first-in-human；ClinicalTrials.gov 按 CLY-124 未检出 | 平台+自研管线 | 本轮未检出明确药企合作一手链接；需后续补 Novo Nordisk/其他合作源 | C 公司官网 Platform：https://www.cellarity.com/platform（Jina 可读镜像：https://r.jina.ai/http://https://www.cellarity.com/platform）；C 公司官网 Pipeline：https://www.cellarity.com/pipeline；B/C 公司新闻页列示 2025 Science 论文与 ASH 2025 PDF：https://www.cellarity.com/news | 与“虚拟细胞/疾病模型”贴合度高；资产验证强于普通工具公司，但临床注册需继续核查。 |
4.4_虚拟细胞和疾病模型	| CytoReason | 以色列/美国 | 数字生物模型 / AI 药物研发支持 | 计算疾病模型、免疫/炎症疾病模型 | 基于分子和临床数据构建疾病模型，比较治疗和患者亚群，解释疾病/药物机制 | 分子数据、临床数据、患者亚群、文献/实验项目经验 | 疾病机制图谱、药物作用机制解释、R&D 决策支持 | 未检出自建湿实验；公司定位 tech company not biotech | 无（公司明确称不建药物组合/portfolio） | 无自研资产；商业验证 L5 | 软件/模型授权、药企 R&D 合作 | 2026-01-09/12 扩大 Sanofi 合作，最高 1600 万美元；Press Release 页列示 2022 Pfizer 扩大合作、2023 Sanofi IBD 模型授权 | C 公司官网首页疾病模型：https://www.cytoreason.com/；C 公司新闻稿 Sanofi 2026：https://cytoreason.com/resources/cytoreason-extends-its-collaboration-with-sanofi-to-advance-ai-driven-drug-discovery/；C Press Releases 列表：https://cytoreason.com/press-releases/ | 商业验证强、资产验证弱；适合作为“疾病模型商业化工具/合作平台”对照，不宜按自主创新药公司估值。 |
4.4_虚拟细胞和疾病模型	| Relation Therapeutics | 英国 | 数字生物模型 / AI 药物发现 | 患者组织单细胞/空间组学、功能扰动、疾病图谱 | Lab-in-the-Loop：患者组织多组学、扰动组学、转化细胞模型与 ML 联合发现靶点 | 患者组织单细胞/空间组学、基因组、蛋白组、临床表型、功能扰动数据 | 靶点、疾病亚群、生物标志物、早期药物项目 | 自建/合作实验：组织 profiling、single-cell/spatial transcriptomics、target validation（官网自述） | 有早期项目 | Discovery/早期，未检出 IND/临床资产 | 平台+自研项目+合作 | 2025-12-09 与 Novartis 战略合作推进 atopic diseases；2026-01-07 与 Deerfield 合作发现靶点孵化公司（官网新闻页列示） | C 公司官网 Science：https://www.relationrx.com/science；C 公司官网 Pipeline/Osteomics：https://www.relationrx.com/pipeline；D/合作新闻入口：https://www.relationrx.com/news | 更偏靶点/疾病图谱与早期转化；可纳入行业图谱，需后续核验合作原文与资产所有权。 |
4.4_虚拟细胞和疾病模型	| 百图生科 / BioMap | 中国/北京-美国等 | 生命科学基础模型 / 数字生物模型 | xTrimo 生命科学基础模型、BioMap OS、虚拟细胞挑战 | 以生命科学基础模型和干湿闭环系统支持蛋白/细胞/化学/多细胞/生物系统建模 | DNA/RNA/蛋白、细胞、化学、多细胞和生物系统数据；高通量实验数据 | 预测设计、de novo design、模型/系统授权、蛋白发现服务 | 公司自述“High-Throughput, Closed-Loop Intelligent Experiment System” | 未检出公开临床管线 | 未检出 PCC/IND/临床；模型/系统验证 | 模型/软件/系统授权+发现服务 | 2025-07-18 与 Optoseeker Biotech 高通量单细胞抗体发现合作；公司称支持 30+ 领先企业/MNC（未逐一核证） | C 公司官网：https://www.biomap.com/；C 新闻页：https://www.biomap.com/news；C 新闻页列示 Arc Virtual Cell Challenge 2025、Optoseeker 合作 | 国内候选中与“生命科学基础模型/虚拟细胞”匹配度最高；目前更像平台/工具与服务，药物资产验证不足。 |
4.5_药物组合和干预结果模拟	| Turbine / Turbine Simulated Cell Technologies | 匈牙利/欧洲；官网未充分披露总部 | 数字生物模型 | 细胞模拟、干预结果预测 | 公司官网结构化数据自述为“virtualizing biological experiments with AI”“interpretable cell simulation platform”，用于加速药物发现和提高临床转化性 | 生物网络、扰动/组学/实验数据（细项待核验） | 虚拟实验、靶点/组合假设、干预后细胞状态预测 | 未检出强一手湿实验能力；推测需外部实验验证，待核验 | 未检出明确临床自研管线 | 发现/临床前（待核验） | 平台合作/联合研发（待核验） | 药企合作线索待核验，未读到稳定公告正文 | C 公司官网 JSON/SEO：<https://turbine.ai/wp-json/wp/v2/pages/2233>；官网首页：<https://turbine.ai/> | 值得深挖：技术路线最贴合“干预模拟”；合作和资产阶段需二次核验 |
4.5_药物组合和干预结果模拟	| Exscientia / Allcyte 路线（已与 Recursion 发生业务组合线索，待核验） | 英国/奥地利/美国 | AI 药物发现 + 功能精准医学 | ex vivo 药物响应、治疗/组合选择 | Allcyte/功能精准医学路线用患者样本 ex vivo 药物响应和高内涵表型数据，支持个体化治疗策略；是否直接由 Exscientia 当前承接需进一步用并购公告核验 | 患者肿瘤细胞、药物响应、单细胞/蛋白组/临床数据 | 治疗策略、药物敏感性/耐药机制、候选组合 | 论文显示 ex vivo 药物响应实验体系；公司归属待核验 | Exscientia 公司整体有自研管线线索，但本轮未稳定读取 | 公司整体临床阶段线索待核验；本表仅确认论文级功能验证 | 自研管线、药企合作、精准医学平台 | Exscientia–Sanofi 2022 合作线索；公告直链未读到正文，列待复核 | B 论文：Nat Cancer 2023 multiple myeloma ex vivo drug response，DOI 10.1038/s43018-023-00544-9 / PMID 37081258；Nat Commun 2024 AML single-cell drug resistance，DOI 10.1038/s41467-024-53535-4 / PMID 39477946；Nat Commun 2024 malignant serous effusions，DOI 10.1038/s41467-024-52694-8 / PMID 39358333 | 值得深挖但需拆分：平台/临床验证强于“自研组合资产”证据 |
4.5_药物组合和干预结果模拟	| Lantern Pharma | 美国 | AI 药物发现 | 药物响应预测、适应症/组合开发 | 公司以 RADR 平台为线索；本轮强证据主要确认其 LP-300 组合疗法临床资产，AI 平台与该资产的因果连接待核验 | 临床/分子数据、药物响应数据（平台细节待核验） | 患者选择、适应症、联合治疗开发路径 | 临床开发为主，湿实验能力未检出 | 有 | Phase II | 自研管线 + 平台 | 未检出本模块明确授权合作；临床试验多中心合作不等同 BD 合作 | A ClinicalTrials.gov API：NCT05456256，LP-300 + carboplatin + pemetrexed，Phase II，2022-07-13 首次发布，2026-04 verified recruiting；SEC CIK/ticker 可访问线索：CIK 0001763950 / LTRN | 值得深挖：满足“临床组合资产”，但 AI 组合模拟证据需补公司年报/IR |
4.5_药物组合和干预结果模拟	| KYAN Therapeutics | 新加坡 | 数字生物模型/组合疗法 | 药物组合优化、功能精准肿瘤学 | 宽搜候选：Optim.AI/组合剂量设计线索；官网首页仅返回 JS 跳转，/lander 正文未抓取，未形成强证据 | 患者样本、剂量-反应实验数据（待核验） | 优选组合/协同预测（待核验） | 待核验 | 未检出 | 未检出 | 平台服务/医院合作线索待核验 | 待核验 | C 官网访问记录：<https://www.kyantherapeutics.com/> 返回 JS 跳转到 /lander；正文未获取 | 保留观察：主题高度贴合，但本轮证据不足，不能作为已确认标的 |
4.5_药物组合和干预结果模拟	| BioMap（百图生科） | 中国/香港 | 生命科学基础模型 | 蛋白/细胞/多组学模型、扰动预测边界 | 更偏生命科学大模型和蛋白/多组学预测；本轮未检出明确“药物组合和干预结果模拟”公司级证据 | 序列、结构、多组学、实验数据 | 靶点/分子/功能预测 | 待核验 | 未检出本模块资产 | 未检出 | 平台/合作 | 未检出本模块合作 | 官网 <https://www.biomap.com/> 直接抓取为空体；列待复核 | 边界候选：暂不作为 4.5 核心公司 |
4.5_药物组合和干预结果模拟	| XtalPi / Insilico Medicine（晶泰科技/英矽智能，边界核验） | 中国/香港 | AI 药物发现 | 分子生成/性质预测/自动化实验 | 核心更偏分子设计、性质预测、自动化实验或靶点发现；本轮未检出以“药物组合/干预结果模拟”为核心 | 结构、序列、组学、实验数据 | 候选分子、性质/开发预测 | 有自动化/合作实验线索但非本模块 | 有，公司整体资产阶段另查 | 公司整体临床/IND线索另查 | 平台+管线 | 多项药企合作但非本模块核心 | 官网抓取为空体；未形成本模块证据 | 可能排除：不计入核心发现数 |
4.6_虚拟患者和数字孪生	| Unlearn.AI | 美国 | 数字生物模型/临床开发 AI | AI-generated digital twins / PROCOVA / synthetic control | 为临床试验受试者生成对照结局预测，用于协变量调整、合成对照、减少对照臂或提高统计功效 | 历史临床试验、真实世界数据、个体基线特征、纵向终点 | 个体级数字孪生、合成/预测对照、样本量/功效改善 | 无自建湿实验；依赖合作方临床项目 | 无自研药物资产 | 合作方资产进入临床；自身为试验设计/分析平台 | 软件/SaaS+临床开发合作 | 2024-09 ProJenX ALS 试验（媒体）；2025-04 Trace Neuroscience ALS；2025-04 remynd AD；2026-02 VectorY PIONEER-ALS | C 官网平台页 https://www.unlearn.ai/digital-twins；C Evidence/Press https://www.unlearn.ai/evidence、https://www.unlearn.ai/press；D Clinical Trials Arena https://www.clinicaltrialsarena.com/news/projenx-unlearn-digital-twins-trial/；B PubMed 2025 AD digital twins https://pubmed.ncbi.nlm.nih.gov/41281734/；B PubMed PROCOVA 综述 https://pubmed.ncbi.nlm.nih.gov/38439136/ | 值得深挖（本模块最强商业/监管证据；但非药物资产公司） |
4.6_虚拟患者和数字孪生	| VeriSIM Life | 美国 | 数字生物模型/AI 药物发现 | BIOiSIM virtual drug development engine / hybrid AI+mechanistic modeling | 从分子结构和跨物种/人体数据预测转化、疗效、安全性、DDI、毒性，另有 AtlasGEN 分子设计与 Translational Index | 化合物结构、跨物种药理毒理、人体/动物数据、公开/专有数据库 | 候选物排序、转化风险、疗效/毒性/安全预测、虚拟患者/患者分层案例 | 官网未披露自建湿实验；可能合作/客户验证 | 有资产组合自述（PAH、SUD、肿瘤；PulmoSIM Therapeutics 链接），阶段未披露 | 未检出公开 IND/临床注册；官网仅披露 pipeline 方向 | 技术服务+共同开发+自研/孵化资产 | 官网披露客户/合作模型；press/events 显示与 Pfizer、Debiopharm、AstraZeneca 活动/共演，但未检出明确授权金额 | C 官网首页 https://www.verisimlife.com/；C 平台页 https://www.verisimlife.com/our-platform；C 管线页 https://www.verisimlife.com/our-pipeline；C 案例页 https://www.verisimlife.com/case-studies；B PubMed BIOiSIM/DILI 相关 https://pubmed.ncbi.nlm.nih.gov/40598914/ | 一般/可跟踪（技术相关度高；资产与合作强度需二次验证） |
4.6_虚拟患者和数字孪生	| QuantHealth | 美国/以色列 | 数字生物模型/临床开发 AI | Clinical trial simulation / drug-patient simulation | 用多模态临床/流行病/生物医学数据模拟“任意患者对任意疗法”的临床试验结果、协议优化、PTS、BD/组合决策 | 3.5 亿人群数据、10 万+药物/机制、18 万临床试验结果、协议参数 | 虚拟试验结果、终点预测、入组/市场预测、组合优先级 | 无湿实验 | 无自研药物资产 | 无药物资产；平台宣称对临床试验终点有前瞻验证 | SaaS/平台服务、BD/portfolio 决策支持 | 2025-10 Sanofi Ventures 战略投资；官网称服务 Top 50 药企/Top 10 pharma（客户多未具名） | C 官网 https://quanthealth.ai/；C 平台页 https://quanthealth.ai/platform；C evidence 页 https://quanthealth.ai/evidence；C about 页含 Sanofi Ventures 新闻链接 https://quanthealth.ai/about-us | 边界/一般（临床开发模拟强，非药物发现资产公司） |
4.6_虚拟患者和数字孪生	| InSilicoTrials | 意大利/美国 | 数字生物模型/模型知情开发 | in silico clinical trials / virtual populations / QSP/PBPK/PKPD | 云端集成 500+ 模型框架，生成虚拟人群/数字孪生、模拟临床试验、支持监管证据 | 协议、QSP/PBPK/PKPD 模型、临床/组学/影像/PRO/处方等数据 | 虚拟患者、合成队列、试验模拟、设计优化 | 无自建湿实验 | 无自研药物资产 | 合作方药物项目；自身为模型/软件平台 | 软件平台+模型服务+合作 | 2023-2025 新闻列示 Axoltis、MIRA、IBSA、AchilleS、Premier Research、COSBI、Microsoft Pegasus 等合作 | C 官网 https://www.insilicotrials.com/；C 新闻/合作列表 https://www.insilicotrials.com/news/；B PubMed 平台用例 https://pubmed.ncbi.nlm.nih.gov/36074307/；B PubMed 虚拟患者/罕见病临床开发 https://pubmed.ncbi.nlm.nih.gov/40757668/ | 一般/边界（QSP/虚拟患者源头公司，但无资产） |
4.6_虚拟患者和数字孪生	| 英矽智能 Insilico Medicine | 中国香港/中国内地/美国/加拿大/阿联酋 | AI 药物发现/临床预测（边界） | Pharma.AI + inClinico 临床成功预测（非严格虚拟患者） | 生成式 AI 靶点发现、分子生成和临床成功预测；不是本模块严格的动态患者/数字孪生模拟 | 多组学、结构、疾病/靶点、临床试验与内部管线数据 | 靶点、分子、管线、临床成功概率/开发决策 | 自研/合作研发；临床开发能力 | 有 | INS018_055/IPF Phase II；另多项 Phase I/II | 平台+自研管线+授权合作 | 2023-09 Exelixis 全球独家授权 ISM3091；多项临床管线 | C 官网 https://insilico.com/；C pipeline https://insilico.com/pipeline；A ClinicalTrials.gov INS018_055 NCT05938920 https://clinicaltrials.gov/study/NCT05938920、NCT05975983 https://clinicaltrials.gov/study/NCT05975983；C inClinico https://insilico.com/inclinico | 国内/港资边界案例：有临床资产，但“虚拟患者/数字孪生”匹配度不足，建议不作为本模块核心 |
4.6_虚拟患者和数字孪生	| Aitia（前 GNS Healthcare） | 美国 | Causal AI / digital twins drug discovery | Gemini Digital Twins / causal disease models | 用多组学/临床数据构建疾病数字孪生以识别/验证靶点；从广义 healthcare analytics 转向药物发现 | 多组学、临床、真实世界数据 | 疾病机制、靶点、候选生物标志物 | 未检出自建湿实验 | 官网/一手访问受阻；公开信息待核 | 未检出公开临床资产 | 平台合作/靶点发现合作 | 公开检索指向 Biogen AD 靶点发现合作与 2022 更名转型；一手页面 Cloudflare 受阻 | 受阻：Aitia 官网 403；BusinessWire/PRNewswire 链接超时或 404，列入待下载/未获取 | 负面/转型观察（可作为“转型而非失败”案例；需要二次核验） |
